timestamp_nsec,x,y,z,yaw_deg
183274912000,-0.856,0.099,-3.113,179.51
183341586000,-0.863,0.107,-3.114,179.447
183408230000,-0.863,0.107,-3.113,179.451
183474887000,-0.863,0.108,-3.114,179.445
183541552000,-0.863,0.107,-3.114,179.448
183608217000,-0.864,0.107,-3.114,179.45
183674883000,-0.863,0.107,-3.114,179.435
183741541000,-0.863,0.107,-3.114,179.455
183808204000,-0.863,0.107,-3.114,179.451
183874862000,-0.872,0.099,-3.112,179.73
183941530000,-0.873,0.1,-3.113,179.732
184008201000,-0.874,0.1,-3.113,179.739
184074859000,-0.873,0.1,-3.112,179.736
184141524000,-0.872,0.099,-3.112,179.737
184208188000,-0.872,0.1,-3.112,179.734
184274847000,-0.873,0.1,-3.113,179.741
184341513000,-0.874,0.1,-3.112,179.741
184408170000,-0.869,0.119,-3.111,179.185
184474839000,-0.869,0.12,-3.111,179.164
184541507000,-0.869,0.121,-3.112,179.159
184608175000,-0.87,0.121,-3.112,179.162
184674834000,-0.871,0.122,-3.112,179.159
184741495000,-0.871,0.121,-3.112,179.162
184808156000,-0.87,0.12,-3.112,179.166
184874825000,-0.868,0.12,-3.111,179.162
184941481000,-0.871,0.093,-3.106,179.871
185008155000,-0.87,0.096,-3.106,179.841
185074818000,-0.87,0.096,-3.106,179.847
185141478000,-0.871,0.095,-3.106,179.845
185208152000,-0.87,0.096,-3.106,179.839
185274808000,-0.87,0.095,-3.106,179.839
185341472000,-0.872,0.096,-3.107,179.851
185408147000,-0.87,0.095,-3.106,179.847
185474797000,-0.874,0.117,-3.119,179.354
185541490000,-0.874,0.116,-3.119,179.37
185608154000,-0.873,0.116,-3.119,179.359
185674811000,-0.873,0.117,-3.119,179.355
185741482000,-0.875,0.119,-3.12,179.355
185808120000,-0.872,0.117,-3.119,179.349
185874779000,-0.874,0.118,-3.12,179.345
185941475000,-0.872,0.117,-3.119,179.343
186008152000,-0.867,0.112,-3.091,179.395
186074819000,-0.868,0.112,-3.091,179.398
186141434000,-0.867,0.112,-3.092,179.395
186208118000,-0.868,0.113,-3.092,179.39
186274779000,-0.868,0.112,-3.091,179.396
186341466000,-0.868,0.112,-3.092,179.397
186408121000,-0.867,0.111,-3.091,179.404
186474782000,-0.868,0.112,-3.091,179.398
186541435000,-0.866,0.1,-3.11,179.667
186608097000,-0.867,0.101,-3.11,179.662
186674748000,-0.866,0.101,-3.111,179.662
186741402000,-0.866,0.1,-3.11,179.669
186808076000,-0.865,0.101,-3.11,179.661
186874737000,-0.866,0.101,-3.111,179.656
186941433000,-0.866,0.1,-3.11,179.669
187008067000,-0.867,0.101,-3.111,179.664
187074729000,-0.877,0.117,-3.117,178.984
187141397000,-0.876,0.117,-3.117,178.982
187208053000,-0.877,0.118,-3.117,178.982
187274711000,-0.876,0.117,-3.117,178.984
187341387000,-0.877,0.118,-3.118,178.983
187408091000,-0.876,0.117,-3.117,178.988
187474744000,-0.876,0.118,-3.117,178.983
187541410000,-0.875,0.118,-3.117,178.974
187608080000,-0.876,0.093,-3.11,179.765
187674755000,-0.876,0.093,-3.11,179.761
187741406000,-0.875,0.094,-3.11,179.766
187808070000,-0.873,0.093,-3.11,179.764
187874732000,-0.877,0.093,-3.109,179.773
187941411000,-0.875,0.093,-3.11,179.776
188008068000,-0.874,0.093,-3.11,179.771
188074739000,-0.883,0.096,-3.109,179.808
188141404000,-0.884,0.098,-3.11,179.814
188208076000,-0.883,0.097,-3.109,179.832
188274732000,-0.815,0.078,-3.089,179.717
188341407000,-0.826,0.074,-3.09,179.71
188408077000,-0.783,0.044,-3.074,179.622
188474763000,-0.813,0.063,-3.095,179.599
188541387000,-0.825,0.067,-3.1,179.638
188608061000,-0.835,0.07,-3.101,179.686
188674709000,-0.835,0.07,-3.102,179.69
188741384000,-0.835,0.07,-3.102,179.689
188808044000,-0.835,0.07,-3.102,179.691
188874703000,-0.835,0.07,-3.102,179.691
188941343000,-0.766,0.057,-3.092,179.802
189008019000,-0.693,0.018,-3.072,179.611
189074676000,-0.836,0.071,-3.1,179.731
189141335000,-0.884,0.124,-3.118,179.771
189208032000,-0.884,0.124,-3.119,179.772
189274668000,-0.885,0.124,-3.119,179.783
189341336000,-0.885,0.124,-3.119,179.783
189408013000,-0.885,0.124,-3.119,179.788
189474685000,-0.885,0.124,-3.119,179.786
189541348000,-0.862,0.117,-3.115,179.753
189607982000,-0.856,0.118,-3.115,179.775
189674691000,-0.876,0.099,-3.122,179.822
189741324000,-0.878,0.098,-3.122,179.828
189807974000,-0.878,0.098,-3.122,179.83
189874638000,-0.879,0.098,-3.123,179.828
189941296000,-0.879,0.098,-3.123,179.828
190007960000,-0.879,0.098,-3.123,179.824
190074627000,-0.879,0.098,-3.123,179.827
190141291000,-0.879,0.098,-3.123,179.827
190207952000,-0.865,0.101,-3.118,179.624
190274606000,-0.865,0.101,-3.118,179.622
190341306000,-0.865,0.101,-3.118,179.624
190407937000,-0.865,0.101,-3.118,179.623
190474600000,-0.865,0.101,-3.118,179.626
190541331000,-0.865,0.101,-3.118,179.626
190607971000,-0.865,0.101,-3.118,179.625
190674716000,-0.865,0.101,-3.118,179.623
190741256000,-0.865,0.101,-3.118,179.622
190807938000,-0.867,0.105,-3.096,179.632
190874594000,-0.867,0.105,-3.096,179.631
190941252000,-0.867,0.105,-3.096,179.629
191007906000,-0.867,0.105,-3.096,179.628
191074576000,-0.867,0.105,-3.096,179.626
191141236000,-0.867,0.105,-3.096,179.626
191207901000,-0.867,0.105,-3.096,179.625
191274564000,-0.863,0.102,-3.149,179.977
191341234000,-0.863,0.102,-3.149,179.979
191407896000,-0.863,0.102,-3.149,179.979
191474552000,-0.863,0.102,-3.149,179.979
191541261000,-0.863,0.102,-3.149,179.978
191607931000,-0.863,0.102,-3.149,179.977
191674780000,-0.863,0.102,-3.149,179.974
191741248000,-0.863,0.102,-3.149,179.976
191807874000,-0.868,0.118,-3.113,179.258
191874575000,-0.868,0.118,-3.113,179.258
191941239000,-0.868,0.118,-3.113,179.259
192007938000,-0.868,0.118,-3.113,179.259
192074598000,-0.868,0.118,-3.113,179.259
192141210000,-0.868,0.118,-3.113,179.259
192207906000,-0.868,0.118,-3.113,179.259
192274525000,-0.868,0.118,-3.113,179.259
192341193000,-0.868,0.113,-3.11,179.373
192407855000,-0.868,0.113,-3.11,179.373
192474511000,-0.868,0.113,-3.11,179.372
192541173000,-0.868,0.113,-3.11,179.374
192607842000,-0.868,0.113,-3.11,179.374
192674497000,-0.868,0.113,-3.11,179.374
192741158000,-0.868,0.113,-3.11,179.374
192807840000,-0.868,0.113,-3.11,179.376
192874494000,-0.872,0.103,-3.114,179.673
192941153000,-0.872,0.103,-3.114,179.675
193007824000,-0.872,0.103,-3.114,179.675
193074486000,-0.872,0.103,-3.114,179.676
193141144000,-0.872,0.103,-3.114,179.676
193208040000,-0.872,0.103,-3.114,179.676
193274470000,-0.872,0.103,-3.114,179.675
193341143000,-0.872,0.103,-3.114,179.676
193407802000,-0.869,0.1,-3.117,179.724
193474462000,-0.869,0.1,-3.117,179.725
193541112000,-0.869,0.1,-3.117,179.725
193607790000,-0.869,0.1,-3.117,179.725
193674469000,-0.869,0.1,-3.117,179.725
193741116000,-0.869,0.1,-3.117,179.725
193807796000,-0.869,0.1,-3.117,179.726
193874454000,-0.869,0.1,-3.117,179.726
193941110000,-0.877,0.095,-3.099,179.986
194007840000,-0.877,0.095,-3.099,179.986
194074494000,-0.877,0.095,-3.099,179.985
194141160000,-0.877,0.095,-3.099,179.985
194207811000,-0.877,0.095,-3.099,179.986
194274469000,-0.877,0.095,-3.099,179.986
194341144000,-0.877,0.095,-3.099,179.986
194407806000,-0.877,0.095,-3.099,179.986
194474473000,-0.873,0.107,-3.109,179.598
194541139000,-0.873,0.107,-3.109,179.598
194607844000,-0.873,0.107,-3.109,179.598
194674498000,-0.873,0.107,-3.109,179.597
194741122000,-0.873,0.107,-3.109,179.597
194807842000,-0.873,0.107,-3.109,179.598
194874468000,-0.873,0.107,-3.109,179.597
194941106000,-0.873,0.107,-3.109,179.595
195007767000,-0.862,0.1,-3.106,179.751
195074434000,-0.862,0.1,-3.106,179.751
195141122000,-0.862,0.1,-3.106,179.751
195207759000,-0.862,0.1,-3.106,179.75
195274421000,-0.862,0.1,-3.106,179.749
195341090000,-0.862,0.1,-3.106,179.751
195407763000,-0.862,0.1,-3.106,179.751
195474410000,-0.862,0.1,-3.106,179.752
195541069000,-0.868,0.099,-3.112,179.738
195607737000,-0.868,0.099,-3.112,179.738
195674397000,-0.868,0.099,-3.112,179.738
195741065000,-0.868,0.099,-3.112,179.737
195807724000,-0.868,0.099,-3.112,179.736
195874454000,-0.868,0.099,-3.112,179.738
195941118000,-0.868,0.099,-3.112,179.742
196007727000,-0.868,0.099,-3.112,179.742
196074453000,-0.878,0.051,-3.121,181.021
196141118000,-0.878,0.051,-3.121,181.02
196207766000,-0.878,0.051,-3.121,181.023
196274442000,-0.878,0.051,-3.121,181.023
196341069000,-0.878,0.051,-3.121,181.027
196407705000,-0.878,0.051,-3.121,181.031
196474372000,-0.878,0.051,-3.121,181.033
196541015000,-0.878,0.051,-3.121,181.027
196607685000,-0.869,0.083,-3.108,180.148
196674432000,-0.869,0.083,-3.108,180.15
196741095000,-0.869,0.083,-3.108,180.161
196807765000,-0.869,0.083,-3.108,180.165
196874419000,-0.869,0.083,-3.108,180.167
196941011000,-0.869,0.083,-3.108,180.177
197007735000,-0.869,0.083,-3.108,180.175
197074328000,-0.869,0.083,-3.108,180.181
197141276000,-0.872,0.096,-3.128,179.984
197207734000,-0.872,0.096,-3.128,179.984
197274359000,-0.872,0.096,-3.128,179.985
197341050000,-0.872,0.096,-3.128,179.997
197407720000,-0.872,0.096,-3.128,179.995
197474318000,-0.872,0.096,-3.128,179.991
197540979000,-0.872,0.096,-3.128,179.985
197607639000,-0.872,0.096,-3.128,179.984
197674313000,-0.865,0.095,-3.125,179.759
197741057000,-0.865,0.095,-3.125,179.76
197807634000,-0.865,0.095,-3.125,179.758
197874399000,-0.865,0.095,-3.125,179.758
197941031000,-0.865,0.095,-3.125,179.752
198007625000,-0.865,0.095,-3.125,179.751
198074282000,-0.865,0.095,-3.125,179.753
198140946000,-0.865,0.095,-3.125,179.748
198207614000,-0.865,0.095,-3.125,179.744
198274289000,-0.865,0.095,-3.125,179.74
198340948000,-0.865,0.095,-3.125,179.749
198407606000,-0.865,0.095,-3.125,179.75
198474273000,-0.865,0.095,-3.125,179.75
198540930000,-0.865,0.095,-3.125,179.736
198607604000,-0.865,0.095,-3.125,179.724
198674313000,-0.865,0.095,-3.125,179.716
198740992000,-0.891,0.084,-3.118,180.282
198807665000,-0.904,0.075,-3.116,180.317
198874255000,-0.906,0.072,-3.114,180.325
198940947000,-0.903,0.062,-3.108,180.503
199007648000,-0.9,0.06,-3.107,180.525
199074246000,-0.89,0.075,-3.115,180.377
199140907000,-0.9,0.063,-3.109,180.449
199207571000,-0.888,0.074,-3.114,180.367
199274225000,-0.898,0.089,-3.093,179.67
199340889000,-0.904,0.084,-3.084,179.558
199407554000,-0.89,0.096,-3.074,179.584
199474225000,-0.87,0.11,-3.056,179.489
199540899000,-0.868,0.11,-3.029,179.484
199607540000,-0.866,0.11,-2.999,179.467
199674199000,-0.861,0.11,-2.97,179.498
199740863000,-0.855,0.109,-2.935,179.526
199807621000,-0.832,0.117,-2.907,179.477
199874201000,-0.824,0.116,-2.869,179.497
199940867000,-0.815,0.115,-2.83,179.506
200007580000,-0.808,0.115,-2.793,179.491
200074192000,-0.801,0.115,-2.756,179.436
200140858000,-0.796,0.115,-2.723,179.347
200207527000,-0.791,0.115,-2.692,179.316
200274175000,-0.796,0.099,-2.666,179.304
200340840000,-0.791,0.098,-2.634,179.291
200407501000,-0.786,0.097,-2.603,179.294
200474267000,-0.781,0.097,-2.574,179.312
200540923000,-0.776,0.098,-2.543,179.322
200607565000,-0.772,0.097,-2.513,179.345
200674220000,-0.767,0.097,-2.481,179.38
200740883000,-0.763,0.097,-2.45,179.397
200807537000,-0.76,0.091,-2.446,179.828
200874203000,-0.758,0.091,-2.418,179.839
200940861000,-0.756,0.09,-2.396,179.804
201007530000,-0.755,0.09,-2.379,179.774
201074189000,-0.755,0.09,-2.365,179.738
201140858000,-0.756,0.09,-2.352,179.726
201207523000,-0.756,0.09,-2.34,179.694
201274185000,-0.756,0.09,-2.332,179.679
201340846000,-0.778,0.119,-2.305,179.079
201407510000,-0.778,0.119,-2.304,179.077
201474248000,-0.778,0.119,-2.305,179.072
201540852000,-0.778,0.119,-2.306,179.078
201607508000,-0.778,0.119,-2.309,179.085
201674165000,-0.778,0.12,-2.311,179.087
201740855000,-0.778,0.12,-2.312,179.094
201807496000,-0.778,0.12,-2.313,179.095
201874168000,-0.778,0.12,-2.314,179.098
201940815000,-0.778,0.119,-2.314,179.094
202007481000,-0.778,0.119,-2.314,179.096
202074177000,-0.778,0.119,-2.315,179.098
202140802000,-0.778,0.119,-2.315,179.101
202207476000,-0.779,0.119,-2.316,179.104
202274147000,-0.779,0.119,-2.316,179.106
202340802000,-0.779,0.12,-2.317,179.108
202407481000,-0.779,0.12,-2.318,179.107
202474141000,-0.779,0.12,-2.316,179.105
202540852000,-0.779,0.12,-2.311,179.094
202607453000,-0.779,0.12,-2.304,179.076
202674115000,-0.78,0.119,-2.295,179.058
202740771000,-0.78,0.119,-2.287,179.045
202807456000,-0.78,0.119,-2.281,179.036
202874101000,-0.78,0.12,-2.278,179.026
202940771000,-0.781,0.12,-2.273,179.022
203007433000,-0.781,0.12,-2.267,179.007
203074107000,-0.78,0.12,-2.258,178.997
203140758000,-0.781,0.12,-2.246,178.971
203207430000,-0.782,0.12,-2.234,178.955
203274088000,-0.783,0.12,-2.219,178.936
203340760000,-0.784,0.12,-2.203,178.924
203407441000,-0.784,0.12,-2.188,178.918
203474090000,-0.785,0.12,-2.171,178.911
203540773000,-0.786,0.12,-2.158,178.92
203607444000,-0.786,0.12,-2.148,178.925
203674078000,-0.786,0.12,-2.14,178.925
203740740000,-0.787,0.12,-2.135,178.925
203807424000,-0.787,0.12,-2.132,178.921
203874088000,-0.787,0.12,-2.13,178.929
203940728000,-0.787,0.12,-2.13,178.927
204007404000,-0.787,0.12,-2.13,178.928
204074057000,-0.787,0.12,-2.131,178.923
204140734000,-0.787,0.12,-2.131,178.921
204207407000,-0.787,0.12,-2.131,178.924
204274061000,-0.787,0.12,-2.131,178.923
204340722000,-0.787,0.12,-2.131,178.925
204407387000,-0.787,0.12,-2.131,178.923
204474050000,-0.788,0.12,-2.131,178.927
204540711000,-0.787,0.12,-2.131,178.927
204607378000,-0.787,0.12,-2.131,178.926
204674049000,-0.787,0.12,-2.131,178.927
204740706000,-0.787,0.12,-2.131,178.928
204807364000,-0.787,0.12,-2.131,178.929
204874025000,-0.787,0.12,-2.131,178.929
204940686000,-0.787,0.12,-2.131,178.93
205007369000,-0.787,0.12,-2.131,178.928
205074027000,-0.787,0.12,-2.131,178.93
205140687000,-0.787,0.12,-2.131,178.928
205207339000,-0.787,0.12,-2.131,178.93
205274017000,-0.787,0.12,-2.131,178.931
205340670000,-0.787,0.12,-2.131,178.931
205407327000,-0.787,0.12,-2.131,178.932
205473996000,-0.787,0.12,-2.13,178.93
205540650000,-0.787,0.12,-2.131,178.93
205607327000,-0.787,0.12,-2.13,178.928
205673987000,-0.787,0.12,-2.131,178.931
205740654000,-0.787,0.12,-2.131,178.93
205807326000,-0.787,0.12,-2.131,178.93
205873974000,-0.787,0.12,-2.13,178.929
205940625000,-0.787,0.12,-2.131,178.929
206007308000,-0.787,0.12,-2.131,178.928
206073959000,-0.787,0.12,-2.13,178.927
206140620000,-0.787,0.12,-2.13,178.928
206207289000,-0.787,0.12,-2.13,178.928
206273946000,-0.787,0.12,-2.13,178.929
206340620000,-0.787,0.12,-2.13,178.929
206407284000,-0.787,0.12,-2.13,178.93
206473942000,-0.787,0.12,-2.13,178.93
206540604000,-0.787,0.12,-2.13,178.929
206607282000,-0.787,0.12,-2.131,178.929
206673932000,-0.787,0.12,-2.13,178.93
206740599000,-0.787,0.12,-2.13,178.928
206807268000,-0.787,0.12,-2.13,178.929
206873924000,-0.787,0.12,-2.13,178.93
206940593000,-0.787,0.12,-2.13,178.929
207007251000,-0.787,0.12,-2.13,178.929
207073911000,-0.787,0.12,-2.13,178.931
207140573000,-0.787,0.12,-2.13,178.93
207207251000,-0.787,0.12,-2.13,178.929
207273921000,-0.787,0.12,-2.13,178.929
207340592000,-0.787,0.12,-2.13,178.929
207407251000,-0.787,0.12,-2.13,178.929
207473894000,-0.787,0.12,-2.13,178.927
207540561000,-0.787,0.12,-2.13,178.93
207607234000,-0.787,0.12,-2.13,178.928
207673878000,-0.787,0.12,-2.13,178.928
207740542000,-0.787,0.12,-2.13,178.929
207807209000,-0.787,0.12,-2.131,178.928
207873857000,-0.786,0.12,-2.134,178.927
207940533000,-0.785,0.12,-2.141,178.93
208007198000,-0.784,0.12,-2.148,178.927
208073880000,-0.782,0.12,-2.158,178.922
208140514000,-0.78,0.12,-2.168,178.912
208207179000,-0.776,0.12,-2.178,178.916
208273843000,-0.774,0.12,-2.185,178.92
208340507000,-0.772,0.12,-2.191,178.921
208407180000,-0.77,0.12,-2.194,178.923
208473849000,-0.768,0.12,-2.195,178.926
208540529000,-0.766,0.12,-2.196,178.927
208607182000,-0.765,0.12,-2.196,178.929
208673840000,-0.764,0.12,-2.196,178.925
208740506000,-0.764,0.12,-2.196,178.927
208807178000,-0.765,0.12,-2.196,178.93
208873853000,-0.766,0.12,-2.195,178.931
208940493000,-0.77,0.12,-2.193,178.929
209007162000,-0.776,0.12,-2.191,178.932
209073821000,-0.784,0.121,-2.188,178.929
209140486000,-0.793,0.121,-2.185,178.931
209207145000,-0.801,0.121,-2.181,178.918
209273811000,-0.809,0.121,-2.175,178.923
209340465000,-0.815,0.121,-2.17,178.922
209407147000,-0.819,0.121,-2.166,178.919
209473797000,-0.821,0.121,-2.163,178.918
209540489000,-0.822,0.121,-2.161,178.915
209607125000,-0.823,0.121,-2.159,178.917
209673787000,-0.824,0.121,-2.158,178.917
209740453000,-0.824,0.121,-2.157,178.914
209807120000,-0.825,0.121,-2.157,178.914
209873777000,-0.824,0.121,-2.157,178.916
209940434000,-0.825,0.121,-2.157,178.921
210007097000,-0.827,0.121,-2.156,178.92
210073765000,-0.832,0.121,-2.154,178.917
210140444000,-0.842,0.122,-2.152,178.901
210207091000,-0.857,0.122,-2.151,178.885
210273752000,-0.876,0.123,-2.149,178.88
210340414000,-0.899,0.123,-2.148,178.877
210407115000,-0.924,0.124,-2.146,178.843
210473753000,-0.952,0.124,-2.142,178.823
210540413000,-0.981,0.125,-2.137,178.785
210607075000,-1.011,0.125,-2.13,178.763
210673744000,-1.04,0.127,-2.124,178.776
210740408000,-1.068,0.128,-2.115,178.838
210807072000,-1.096,0.129,-2.104,178.845
210873734000,-1.122,0.13,-2.091,178.886
210940405000,-1.147,0.13,-2.077,178.957
211007061000,-1.17,0.131,-2.063,178.994
211073720000,-1.171,0.097,-2.062,179.072
211140387000,-1.182,0.097,-2.055,179.12
211207052000,-1.188,0.097,-2.051,179.14
211273711000,-1.191,0.097,-2.049,179.144
211340406000,-1.191,0.097,-2.049,179.15
211407047000,-1.19,0.097,-2.05,179.159
211473737000,-1.188,0.098,-2.05,179.133
211540369000,-1.187,0.097,-2.05,179.129
211607032000,-1.187,0.097,-2.051,179.136
211673700000,-1.187,0.097,-2.051,179.124
211740411000,-1.187,0.097,-2.051,179.101
211807041000,-1.187,0.097,-2.051,179.096
211873708000,-1.187,0.097,-2.051,179.103
211940401000,-1.187,0.097,-2.051,179.103
212007053000,-1.186,0.096,-2.05,179.108
212073718000,-1.185,0.097,-2.048,179.104
212140384000,-1.184,0.097,-2.043,179.101
212207065000,-1.182,0.097,-2.036,179.107
212273719000,-1.181,0.097,-2.027,179.092
212340375000,-1.18,0.098,-2.016,179.095
212407039000,-1.179,0.098,-2.004,179.079
212473700000,-1.177,0.098,-1.992,179.122
212540363000,-1.175,0.099,-1.981,179.089
212607026000,-1.173,0.099,-1.973,179.13
212673682000,-1.171,0.099,-1.967,179.176
212740361000,-1.17,0.099,-1.964,179.169
212807028000,-1.169,0.099,-1.962,179.165
212873665000,-1.168,0.099,-1.963,179.151
212940332000,-1.165,0.099,-1.968,179.137
213007136000,-1.158,0.099,-1.977,179.122
213073666000,-1.148,0.099,-1.988,179.094
213140328000,-1.137,0.098,-2.001,179.103
213206988000,-1.125,0.098,-2.014,179.091
213273651000,-1.116,0.098,-2.028,179.069
213340343000,-1.109,0.097,-2.041,179.066
213407058000,-1.104,0.097,-2.054,179.058
213473638000,-1.1,0.097,-2.066,179.073
213540307000,-1.097,0.096,-2.074,179.062
213606985000,-1.095,0.096,-2.08,179.061
213673633000,-1.095,0.096,-2.083,179.061
213740310000,-1.095,0.096,-2.085,179.065
213806973000,-1.095,0.096,-2.086,179.062
213873624000,-1.095,0.096,-2.086,179.05
213940290000,-1.095,0.096,-2.086,179.044
214006964000,-1.095,0.096,-2.086,179.046
214073615000,-1.095,0.096,-2.086,179.048
214140276000,-1.094,0.096,-2.086,179.054
214206946000,-1.074,0.096,-2.078,179.214
214273610000,-1.075,0.095,-2.078,179.216
214340275000,-1.077,0.096,-2.079,179.235
214406933000,-1.083,0.096,-2.08,179.224
214473599000,-1.092,0.096,-2.082,179.207
214540254000,-1.103,0.096,-2.083,179.204
214606932000,-1.115,0.096,-2.084,179.184
214673597000,-1.129,0.096,-2.084,179.179
214740334000,-1.144,0.096,-2.083,179.17
214806923000,-1.161,0.096,-2.081,179.175
214873591000,-1.179,0.097,-2.076,179.169
214940258000,-1.199,0.097,-2.067,179.155
215006913000,-1.219,0.097,-2.055,179.139
215073572000,-1.24,0.097,-2.04,179.118
215140231000,-1.259,0.099,-2.022,179.087
215206896000,-1.279,0.099,-2.001,179.033
215273557000,-1.297,0.1,-1.978,178.924
215340213000,-1.313,0.102,-1.954,178.648
215406892000,-1.329,0.102,-1.929,177.848
215473547000,-1.343,0.103,-1.908,175.829
215540207000,-1.356,0.103,-1.892,164.568
215606926000,-1.368,0.104,-1.881,14.085
215673561000,-1.38,0.104,-1.872,5.697
215740226000,-1.392,0.104,-1.867,3.85
215806865000,-1.404,0.104,-1.864,3.216
215873545000,-1.416,0.104,-1.862,2.655
215940190000,-1.428,0.104,-1.862,2.5
216006874000,-1.441,0.104,-1.862,2.216
216073515000,-1.453,0.103,-1.863,2.269
216140175000,-1.466,0.103,-1.865,3.227
216206840000,-1.478,0.103,-1.868,4.759
216273512000,-1.491,0.103,-1.871,8.04
216340202000,-1.467,0.016,-1.884,191.346
216406868000,-1.479,0.016,-1.888,184.388
216473526000,-1.492,0.015,-1.892,182.255
216540194000,-1.505,0.015,-1.896,181.525
216606858000,-1.518,0.015,-1.901,180.461
216673523000,-1.53,0.015,-1.905,180.506
216740188000,-1.543,0.015,-1.91,179.771
216806846000,-1.556,0.015,-1.915,179.781
216873514000,-1.568,0.015,-1.919,179.56
216940246000,-1.58,0.015,-1.925,179.572
217006836000,-1.592,0.015,-1.93,179.5
217073521000,-1.605,0.015,-1.936,179.51
217140169000,-1.618,0.015,-1.942,179.588
217206839000,-1.631,0.016,-1.948,179.63
217273496000,-1.644,0.016,-1.953,179.547
217340160000,-1.668,0.012,-1.945,179.184
217406827000,-1.681,0.013,-1.951,179.198
217473501000,-1.694,0.012,-1.957,179.114
217540163000,-1.709,0.013,-1.963,179.25
217606827000,-1.723,0.013,-1.968,179.212
217673542000,-1.738,0.013,-1.973,179.276
217740225000,-1.753,0.013,-1.977,179.404
217806856000,-1.769,0.013,-1.981,179.482
217873485000,-1.869,0.04,-1.975,179.152
217940147000,-1.885,0.04,-1.978,179.177
218006813000,-1.901,0.04,-1.981,179.381
218073475000,-1.918,0.041,-1.983,179.545
218140147000,-1.935,0.041,-1.985,179.683
218206834000,-1.952,0.041,-1.986,179.687
218273468000,-1.968,0.041,-1.986,179.724
218340139000,-1.985,0.041,-1.986,179.695
218406796000,-2,0.041,-1.986,179.602
218473478000,-2.016,0.041,-1.986,179.623
218540124000,-2.033,0.041,-1.986,179.702
218606786000,-2.049,0.041,-1.985,179.827
218673485000,-2.065,0.042,-1.984,179.78
218740159000,-2.082,0.042,-1.983,179.914
218806805000,-2.098,0.042,-1.981,180.126
218873443000,-2.115,0.042,-1.979,180.441
218940112000,-2.133,0.043,-1.977,180.511
219006776000,-2.15,0.042,-1.976,180.814
219073440000,-2.167,0.042,-1.973,181.262
219140100000,-2.187,0.041,-1.971,181.586
219206794000,-2.206,0.041,-1.969,182.246
219273456000,-2.227,0.042,-1.966,182.81
219340105000,-2.248,0.042,-1.963,183.401
219406801000,-2.27,0.043,-1.959,182.74
219473448000,-2.295,0.043,-1.955,182.047
219540084000,-2.319,0.043,-1.951,182.476
219606745000,-2.343,0.044,-1.947,184.482
219673404000,-2.366,0.044,-1.944,199.405
219740075000,-2.391,0.044,-1.939,339.787
219806736000,-2.416,0.045,-1.935,352.935
219873403000,-2.439,0.045,-1.93,355.6
219940076000,-2.464,0.046,-1.926,357.058
220006734000,-2.489,0.046,-1.921,358.596
220073399000,-2.512,0.046,-1.916,359.281
220140108000,-2.536,0.047,-1.911,359.312
220206732000,-2.559,0.046,-1.907,359.694
220273383000,-2.584,0.047,-1.903,0.102
220340067000,-2.607,0.047,-1.899,359.775
220406709000,-2.632,0.048,-1.896,359.862
220473402000,-2.655,0.047,-1.892,359.2
220740102000,-2.747,0.048,-1.886,358.399
220806724000,-2.77,0.049,-1.885,358.461
220873342000,-2.793,0.048,-1.885,358.143
220940042000,-2.815,0.048,-1.884,357.587
221006687000,-2.837,0.048,-1.884,357.344
221073344000,-2.86,0.048,-1.884,357.14
221140018000,-2.881,0.049,-1.884,357.273
221206700000,-2.903,0.049,-1.886,356.774
221273336000,-2.924,0.049,-1.887,356.033
221340016000,-2.945,0.049,-1.889,354.638
221406666000,-2.967,0.049,-1.891,352.499
221473334000,-2.988,0.049,-1.893,350.175
221539986000,-3.009,0.049,-1.894,346.01
221606703000,-3.031,0.05,-1.895,336.403
221673331000,-3.053,0.05,-1.898,305.82
221739973000,-3.075,0.051,-1.9,247.406
221806639000,-3.097,0.051,-1.902,210.068
221873327000,-3.118,0.051,-1.903,198.849
221939965000,-3.14,0.052,-1.906,193.163
222006636000,-3.162,0.052,-1.908,189.828
222073322000,-3.184,0.053,-1.911,187.34
222140061000,-3.205,0.053,-1.914,186.699
222206635000,-3.227,0.053,-1.917,184.979
222273296000,-3.248,0.053,-1.919,184.066
222340034000,-3.269,0.053,-1.922,184.042
222406616000,-3.29,0.053,-1.925,183.58
222473307000,-3.31,0.053,-1.928,183.193
222539982000,-3.331,0.053,-1.931,182.699
222606596000,-3.351,0.052,-1.935,182.881
222673265000,-3.371,0.052,-1.939,183.07
222740022000,-3.392,0.052,-1.942,183.702
222806597000,-3.413,0.052,-1.944,184.186
222873242000,-3.434,0.052,-1.946,184.907
222939925000,-3.455,0.052,-1.948,185.503
223006583000,-3.477,0.052,-1.949,185.301
223073288000,-3.499,0.053,-1.951,185.623
223139907000,-3.52,0.053,-1.952,185.971
223206645000,-3.542,0.053,-1.952,185.607
223273286000,-3.562,0.054,-1.953,185.684
223339973000,-3.584,0.054,-1.954,185.6
223406566000,-3.606,0.055,-1.955,186.128
223473233000,-3.63,0.055,-1.956,186.362
223539895000,-3.652,0.055,-1.956,186.314
223606583000,-3.675,0.055,-1.956,186.471
223673209000,-3.701,0.055,-1.956,187.129
223739936000,-3.726,0.055,-1.955,187.163
223806550000,-3.752,0.055,-1.954,186.68
223873229000,-3.777,0.056,-1.953,186.01
223939895000,-3.804,0.055,-1.951,186.398
224006576000,-3.831,0.055,-1.95,186.429
224073288000,-3.859,0.056,-1.948,187.948
224139980000,-3.887,0.055,-1.946,190.466
224206608000,-3.915,0.055,-1.943,196.279
224273189000,-3.944,0.055,-1.94,206.75
224339877000,-3.972,0.055,-1.935,250.319
224406515000,-4,0.055,-1.931,328.196
224473209000,-4.027,0.055,-1.926,346.847
224539836000,-4.054,0.055,-1.92,353.099
224606561000,-4.082,0.055,-1.915,355.232
224673177000,-4.109,0.054,-1.909,356.015
224739829000,-4.137,0.054,-1.903,356.525
224806498000,-4.165,0.054,-1.897,356.894
224873189000,-4.192,0.053,-1.891,357.096
224939918000,-4.22,0.053,-1.884,357.128
225006489000,-4.248,0.053,-1.877,357.179
225073225000,-4.275,0.053,-1.87,357.122
225139803000,-4.303,0.053,-1.862,357.397
225206487000,-4.33,0.053,-1.856,357.467
225273137000,-4.356,0.052,-1.848,357.538
225339815000,-4.382,0.052,-1.841,357.313
225406468000,-4.409,0.051,-1.834,357.145
225473220000,-4.436,0.052,-1.826,357.302
225539810000,-4.461,0.053,-1.818,357.456
225606457000,-4.487,0.053,-1.811,357.358
225673111000,-4.513,0.052,-1.806,357.368
225739796000,-4.538,0.05,-1.8,357.364
225806453000,-4.564,0.05,-1.796,357.566
225873155000,-4.586,0.052,-1.797,357.866
225939845000,-4.61,0.052,-1.796,357.878
226006515000,-4.632,0.051,-1.797,357.986
226073208000,-4.654,0.049,-1.799,357.898
226139813000,-4.677,0.049,-1.801,357.403
226206480000,-4.7,0.049,-1.803,357.172
226273134000,-4.723,0.048,-1.805,356.805
226339801000,-4.747,0.048,-1.806,356.633
226406469000,-4.772,0.047,-1.808,356.345
226473125000,-4.793,0.047,-1.811,355.972
226539789000,-4.818,0.047,-1.811,355.596
226606488000,-4.842,0.046,-1.812,355.825
226673112000,-4.867,0.045,-1.812,355.906
226739792000,-4.895,0.045,-1.81,356.29
226806493000,-4.921,0.045,-1.808,356.5
226873130000,-4.946,0.045,-1.806,357.212
226939776000,-4.974,0.046,-1.802,357.398
227006428000,-5.001,0.045,-1.8,357.404
227073130000,-5.025,0.042,-1.799,357.424
227139768000,-5.051,0.041,-1.796,357.467
227206461000,-5.078,0.041,-1.79,358.255
227273096000,-5.104,0.038,-1.788,358.417
227339755000,-5.13,0.036,-1.784,358.605
227406422000,-5.156,0.036,-1.778,358.352
227473086000,-5.185,0.038,-1.769,358.7
227539752000,-5.211,0.038,-1.762,358.623
227606425000,-5.237,0.038,-1.755,358.574
227673071000,-5.266,0.037,-1.75,358.391
227739731000,-5.292,0.036,-1.745,358.304
227806408000,-5.32,0.035,-1.738,358.242
227873058000,-5.347,0.033,-1.734,357.921
227939724000,-5.375,0.034,-1.725,358.157
228006392000,-5.406,0.034,-1.716,358.253
228073057000,-5.436,0.035,-1.708,358.397
228139717000,-5.465,0.035,-1.702,358.372
228206382000,-5.494,0.034,-1.696,358.373
228273044000,-5.52,0.035,-1.69,358.41
228339718000,-5.548,0.035,-1.685,358.203
228406375000,-5.574,0.034,-1.684,358.04
228473035000,-5.6,0.034,-1.681,358.073
228539692000,-5.623,0.033,-1.68,358.003
228606377000,-5.648,0.033,-1.678,358.055
228673023000,-5.672,0.032,-1.679,358.121
228739686000,-5.695,0.03,-1.68,358.089
228806358000,-5.718,0.029,-1.682,357.771
228873048000,-5.74,0.029,-1.685,357.45
228939742000,-5.76,0.028,-1.69,357.149
229006347000,-5.782,0.027,-1.694,356.654
229072993000,-5.804,0.027,-1.697,356.391
229139688000,-5.825,0.027,-1.702,355.213
229206337000,-5.846,0.026,-1.707,352.419
229272989000,-5.871,0.026,-1.712,341.971
229339659000,-5.894,0.025,-1.719,239.823
229406417000,-5.917,0.025,-1.724,194
229473008000,-5.941,0.024,-1.73,187.784
229539668000,-5.965,0.024,-1.736,185.651
229606308000,-5.99,0.023,-1.741,184.717
229672972000,-6.015,0.023,-1.745,184.198
229739641000,-6.042,0.023,-1.749,183.698
229806306000,-6.068,0.022,-1.754,183.914
229872976000,-6.095,0.022,-1.757,183.404
229939629000,-6.12,0.021,-1.761,183.122
230006306000,-6.146,0.021,-1.764,182.53
230072952000,-6.175,0.021,-1.769,182.868
230139617000,-6.203,0.021,-1.773,183.379
230206296000,-6.23,0.021,-1.777,183.349
230272962000,-6.259,0.02,-1.781,183.275
230339631000,-6.287,0.02,-1.784,183.135
230406277000,-6.315,0.02,-1.787,183.031
230472968000,-6.342,0.02,-1.79,183.543
230539606000,-6.37,0.02,-1.792,184.499
230606278000,-6.398,0.021,-1.795,185.14
230672935000,-6.426,0.02,-1.798,185.77
230739614000,-6.455,0.02,-1.801,186.57
230806286000,-6.483,0.019,-1.805,187.176
230872922000,-6.511,0.019,-1.808,187.584
230939604000,-6.539,0.019,-1.812,187.892
231006244000,-6.567,0.019,-1.815,188.144
231072927000,-6.594,0.019,-1.818,188.412
231139603000,-6.622,0.018,-1.823,188.151
231206268000,-6.65,0.018,-1.826,187.923
231272920000,-6.678,0.018,-1.83,187.714
231339572000,-6.705,0.017,-1.833,187.581
231406243000,-6.733,0.017,-1.837,187.514
231472893000,-6.76,0.016,-1.841,187.498
231539546000,-6.788,0.016,-1.845,187.438
231606226000,-6.815,0.015,-1.848,187.141
231672880000,-6.842,0.015,-1.851,187.331
231739535000,-6.87,0.015,-1.855,187.408
231806199000,-6.898,0.015,-1.859,187.604
231872870000,-6.925,0.014,-1.861,187.488
231939543000,-6.954,0.013,-1.864,187.679
232006204000,-6.981,0.013,-1.867,187.823
232072857000,-7.008,0.012,-1.872,188.111
232139541000,-7.035,0.011,-1.876,188.219
232206190000,-7.062,0.01,-1.879,188.244
232272871000,-7.089,0.01,-1.882,188.639
232339510000,-7.116,0.009,-1.885,188.823
232406166000,-7.143,0.009,-1.888,189.115
232472865000,-7.171,0.009,-1.892,189.178
232539544000,-7.199,0.009,-1.895,189.175
232606210000,-7.226,0.008,-1.899,189.152
232672849000,-7.253,0.007,-1.902,189.137
232739512000,-7.278,0.007,-1.905,188.732
232806156000,-7.305,0.006,-1.908,188.734
232872825000,-7.332,0.006,-1.91,188.537
232939541000,-7.359,0.004,-1.913,188.556
233006226000,-7.386,0.004,-1.915,188.415
233072945000,-7.411,0.003,-1.917,188.689
233139482000,-7.438,0.002,-1.919,188.934
233206162000,-7.465,0.001,-1.92,189.048
233272826000,-7.491,0.001,-1.921,189.262
233339517000,-7.518,0.001,-1.922,189.377
233406243000,-7.545,0.002,-1.922,189.192
233539499000,-7.6,0.001,-1.923,189.913
233606201000,-7.627,0,-1.923,190.709
233672805000,-7.653,0,-1.924,191.313
233739476000,-7.678,0,-1.923,191.901
233806118000,-7.702,-0.001,-1.922,192.49
233872811000,-7.724,-0.001,-1.921,192.67
233939448000,-7.742,-0.001,-1.92,192.759
234006123000,-7.762,-0.001,-1.918,193.092
234072772000,-7.781,-0.002,-1.917,193.618
234139638000,-7.796,-0.001,-1.916,193.901
234206151000,-7.812,-0.001,-1.914,194.329
234272776000,-7.828,-0.001,-1.913,195.003
234339496000,-7.842,-0.002,-1.912,196.134
234406130000,-7.856,-0.002,-1.91,197.479
234472791000,-7.87,-0.002,-1.909,199.315
234539428000,-7.888,-0.002,-1.907,201.277
234606121000,-7.902,-0.002,-1.906,205.457
234673083000,-7.917,-0.003,-1.904,211.428
234739420000,-7.928,-0.003,-1.902,218.207
234806120000,-7.943,-0.003,-1.899,238.302
234872780000,-7.956,-0.003,-1.897,270.772
234939396000,-7.971,-0.003,-1.894,306.28
235006095000,-7.984,-0.002,-1.891,328.068
235072726000,-7.997,-0.003,-1.887,338.767
235139392000,-8.012,-0.002,-1.882,344.54
235206047000,-8.026,-0.003,-1.878,347.976
235272738000,-8.039,-0.003,-1.874,350.531
235339428000,-8.054,-0.003,-1.867,352.067
235406050000,-8.068,-0.003,-1.862,353.603
235472707000,-8.082,-0.003,-1.856,355.063
235539415000,-8.094,-0.002,-1.851,355.654
235606053000,-8.108,-0.003,-1.845,356.608
235672706000,-8.122,-0.002,-1.838,356.985
235739391000,-8.135,-0.003,-1.83,357.659
235806029000,-8.149,-0.003,-1.821,358.076
235872723000,-8.163,-0.003,-1.813,358.407
235939392000,-8.176,-0.003,-1.805,358.619
236006028000,-8.189,-0.003,-1.797,358.913
236072689000,-8.202,-0.003,-1.788,359.036
236139354000,-8.216,-0.003,-1.779,359.144
236206014000,-8.23,-0.004,-1.77,359.295
236272684000,-8.245,-0.004,-1.76,359.374
236339374000,-8.258,-0.004,-1.753,359.596
236406010000,-8.273,-0.005,-1.744,359.677
236472670000,-8.288,-0.005,-1.737,359.661
236539348000,-8.304,-0.005,-1.73,359.723
236606006000,-8.32,-0.005,-1.723,359.752
236672670000,-8.336,-0.006,-1.717,359.735
236739327000,-8.353,-0.006,-1.711,359.768
236806009000,-8.369,-0.006,-1.705,359.739
236872675000,-8.384,-0.006,-1.699,359.69
236939324000,-8.399,-0.007,-1.694,359.595
237005985000,-8.414,-0.008,-1.689,359.588
237072657000,-8.428,-0.008,-1.685,359.542
237139394000,-8.443,-0.008,-1.682,359.512
237205981000,-8.456,-0.007,-1.678,359.448
237272683000,-8.47,-0.008,-1.675,359.278
237339321000,-8.483,-0.008,-1.673,359.218
237405977000,-8.497,-0.009,-1.672,359.241
237472654000,-8.51,-0.008,-1.671,359.213
237539310000,-8.522,-0.008,-1.675,359.183
237605992000,-8.533,-0.008,-1.677,359.188
237672653000,-8.544,-0.008,-1.681,359.169
237739321000,-8.556,-0.008,-1.685,359.038
237805990000,-8.567,-0.009,-1.691,358.946
237872626000,-8.577,-0.009,-1.697,358.961
237939318000,-8.582,-0.004,-1.703,359.381
238005967000,-8.591,-0.003,-1.71,359.387
238072616000,-8.6,-0.004,-1.719,358.898
238139303000,-8.609,-0.005,-1.728,358.289
238205977000,-8.617,-0.006,-1.739,357.069
238272632000,-8.625,-0.007,-1.75,354.711
238339299000,-8.633,-0.008,-1.762,347.101
238405945000,-8.634,-0.008,-1.769,237.212
238472606000,-8.639,-0.009,-1.78,191.653
238539295000,-8.646,-0.009,-1.795,186.484
238605954000,-8.648,-0.009,-1.808,184.24
238672595000,-8.65,-0.009,-1.821,183.245
238739279000,-8.653,-0.009,-1.834,182.988
238805945000,-8.654,-0.009,-1.848,182.499
238872627000,-8.655,-0.008,-1.862,182.29
238939252000,-8.655,-0.009,-1.876,182.227
239005945000,-8.654,-0.01,-1.889,182.062
239072581000,-8.653,-0.01,-1.903,181.982
239139260000,-8.652,-0.009,-1.919,181.888
239205933000,-8.653,-0.009,-1.933,181.853
239272600000,-8.652,-0.009,-1.948,181.801
239339248000,-8.65,-0.009,-1.961,181.74
239405915000,-8.649,-0.01,-1.974,181.704
239472560000,-8.647,-0.01,-1.988,181.628
239539243000,-8.644,-0.01,-2.002,181.54
239605882000,-8.642,-0.011,-2.015,181.497
239672560000,-8.638,-0.012,-2.029,181.494
239739241000,-8.636,-0.011,-2.044,181.425
239805898000,-8.631,-0.011,-2.059,181.392
239872559000,-8.627,-0.012,-2.074,181.355
239939226000,-8.623,-0.011,-2.089,181.227
240005863000,-8.617,-0.011,-2.101,181.219
240072542000,-8.612,-0.011,-2.115,181.17
240139191000,-8.606,-0.012,-2.128,181.148
240205854000,-8.599,-0.012,-2.14,181.105
240272518000,-8.592,-0.013,-2.151,181.076
240339184000,-8.584,-0.013,-2.163,181.053
240405849000,-8.576,-0.014,-2.174,181.025
240472515000,-8.568,-0.014,-2.185,181.011
240539172000,-8.561,-0.015,-2.197,181.01
240605844000,-8.553,-0.015,-2.208,180.98
240672504000,-8.544,-0.015,-2.218,180.969
240739152000,-8.535,-0.016,-2.227,180.961
240805831000,-8.525,-0.016,-2.236,180.963
240872499000,-8.516,-0.016,-2.245,180.933
240939144000,-8.505,-0.017,-2.255,180.909
241005813000,-8.495,-0.017,-2.264,180.902
241072477000,-8.485,-0.017,-2.272,180.913
241139145000,-8.474,-0.018,-2.279,180.923
241205877000,-8.463,-0.018,-2.287,180.944
241272467000,-8.452,-0.019,-2.295,180.951
241339205000,-8.439,-0.018,-2.301,180.94
241405795000,-8.426,-0.018,-2.308,180.904
241472509000,-8.414,-0.018,-2.314,180.884
241539163000,-8.401,-0.019,-2.319,180.856
241605810000,-8.388,-0.019,-2.325,180.828
241672450000,-8.375,-0.019,-2.33,180.781
241739116000,-8.363,-0.021,-2.335,180.794
241805775000,-8.35,-0.022,-2.339,180.757
241872441000,-8.337,-0.023,-2.343,180.733
241939104000,-8.326,-0.022,-2.347,180.705
242005770000,-8.313,-0.022,-2.349,180.684
242072428000,-8.3,-0.022,-2.352,180.675
242139094000,-8.288,-0.022,-2.354,180.67
242205764000,-8.274,-0.023,-2.356,180.657
242272459000,-8.261,-0.023,-2.357,180.644
242339114000,-8.246,-0.023,-2.36,180.642
242405781000,-8.231,-0.022,-2.361,180.618
242472448000,-8.217,-0.022,-2.362,180.596
242539110000,-8.204,-0.022,-2.361,180.574
242605768000,-8.192,-0.023,-2.361,180.563
242672434000,-8.179,-0.023,-2.36,180.542
242739116000,-8.167,-0.022,-2.359,180.518
242805761000,-8.155,-0.022,-2.356,180.482
242872432000,-8.143,-0.022,-2.354,180.435
242939105000,-8.128,-0.024,-2.353,180.435
243005759000,-8.116,-0.024,-2.351,180.446
243072432000,-8.103,-0.024,-2.348,180.419
243139084000,-8.091,-0.024,-2.344,180.361
243205749000,-8.077,-0.025,-2.34,180.325
243272414000,-8.064,-0.025,-2.335,180.297
243339083000,-8.053,-0.024,-2.33,180.239
243405746000,-8.039,-0.025,-2.325,180.192
243472432000,-8.027,-0.025,-2.319,180.122
243539094000,-8.015,-0.026,-2.315,180.028
243605750000,-8.003,-0.027,-2.309,179.962
243672415000,-7.991,-0.028,-2.303,179.893
243739062000,-7.981,-0.027,-2.294,179.886
243805729000,-7.969,-0.028,-2.287,179.828
243872390000,-7.957,-0.028,-2.279,179.778
243939051000,-7.945,-0.029,-2.27,179.691
244005716000,-7.936,-0.029,-2.261,179.596
244072376000,-7.926,-0.03,-2.253,179.489
244139048000,-7.915,-0.03,-2.243,179.409
244205708000,-7.909,-0.03,-2.232,179.236
244272389000,-7.9,-0.03,-2.222,179.019
244339029000,-7.891,-0.031,-2.212,178.739
244405697000,-7.883,-0.031,-2.2,178.361
244472360000,-7.874,-0.031,-2.189,177.993
244539023000,-7.868,-0.032,-2.177,177.574
244605683000,-7.861,-0.032,-2.165,177.088
244672356000,-7.854,-0.032,-2.154,176.368
244739020000,-7.847,-0.033,-2.142,175.348
244805683000,-7.841,-0.033,-2.13,173.831
244872345000,-7.836,-0.034,-2.118,171.435
244939049000,-7.831,-0.034,-2.106,166.881
245005666000,-7.827,-0.034,-2.094,154.814
245072335000,-7.822,-0.035,-2.082,98.395
245139000000,-7.818,-0.035,-2.07,29.909
245205668000,-7.815,-0.035,-2.058,15.905
245272323000,-7.811,-0.035,-2.046,10.967
245338992000,-7.807,-0.036,-2.033,8.637
245405662000,-7.804,-0.037,-2.02,6.956
245472313000,-7.801,-0.037,-2.007,5.948
245538976000,-7.8,-0.037,-1.993,5.108
245605643000,-7.799,-0.038,-1.98,4.452
245672306000,-7.798,-0.039,-1.966,3.999
245738965000,-7.799,-0.04,-1.953,3.695
245805624000,-7.8,-0.04,-1.94,3.39
245872294000,-7.802,-0.042,-1.927,3.134
245938953000,-7.802,-0.042,-1.914,2.919
246005616000,-7.802,-0.043,-1.901,2.709
246072279000,-7.804,-0.044,-1.888,2.52
246138941000,-7.807,-0.044,-1.875,2.377
246205604000,-7.809,-0.044,-1.862,2.271
246272285000,-7.812,-0.045,-1.849,2.154
246338939000,-7.815,-0.046,-1.835,2.055
246405594000,-7.817,-0.047,-1.822,1.997
246472259000,-7.82,-0.048,-1.809,1.934
246538926000,-7.823,-0.048,-1.797,1.836
246605591000,-7.823,-0.049,-1.786,1.785
246672255000,-7.823,-0.05,-1.774,1.741
246738913000,-7.821,-0.05,-1.763,1.708
246805582000,-7.818,-0.05,-1.752,1.707
246872244000,-7.815,-0.051,-1.74,1.698
246938908000,-7.812,-0.051,-1.729,1.698
247005579000,-7.808,-0.052,-1.718,1.691
247072242000,-7.804,-0.053,-1.707,1.694
247138961000,-7.799,-0.054,-1.696,1.721
247205613000,-7.794,-0.054,-1.684,1.721
247272277000,-7.788,-0.055,-1.673,1.726
247338936000,-7.781,-0.055,-1.661,1.732
247405559000,-7.775,-0.055,-1.65,1.71
247472459000,-7.769,-0.056,-1.639,1.757
247538886000,-7.757,-0.056,-1.625,1.779
247605616000,-7.747,-0.057,-1.613,1.841
247672284000,-7.738,-0.058,-1.603,1.879
247738951000,-7.729,-0.058,-1.592,1.896
247805617000,-7.718,-0.059,-1.582,1.926
247872283000,-7.709,-0.06,-1.573,1.99
247938868000,-7.692,-0.059,-1.563,2.049
248005521000,-7.679,-0.059,-1.555,2.102
248072185000,-7.666,-0.059,-1.547,2.149
248138853000,-7.653,-0.06,-1.54,2.208
248205510000,-7.638,-0.06,-1.533,2.227
248272176000,-7.623,-0.059,-1.527,2.22
248338842000,-7.61,-0.059,-1.523,2.284
248405503000,-7.591,-0.059,-1.517,2.319
248472239000,-7.574,-0.059,-1.513,2.409
248538828000,-7.56,-0.061,-1.513,2.567
248605539000,-7.545,-0.061,-1.511,2.671
248672206000,-7.529,-0.061,-1.508,2.746
248738860000,-7.514,-0.063,-1.507,2.907
248805528000,-7.499,-0.064,-1.507,3.08
248872211000,-7.483,-0.064,-1.506,3.202
248938866000,-7.468,-0.065,-1.506,3.37
249005558000,-7.452,-0.066,-1.507,3.519
249072182000,-7.437,-0.065,-1.508,3.649
249138843000,-7.42,-0.064,-1.508,3.714
249205513000,-7.404,-0.062,-1.509,3.79
249272177000,-7.387,-0.061,-1.51,3.907
249338833000,-7.371,-0.06,-1.512,4.009
249405499000,-7.355,-0.059,-1.514,4.152
249472170000,-7.338,-0.058,-1.517,4.309
249538835000,-7.321,-0.058,-1.52,4.565
249605490000,-7.306,-0.057,-1.523,4.796
249672152000,-7.289,-0.057,-1.526,5.033
249738817000,-7.271,-0.056,-1.529,5.348
249805476000,-7.255,-0.056,-1.534,5.701
249872148000,-7.238,-0.056,-1.538,6.088
249938808000,-7.221,-0.056,-1.541,6.463
250005525000,-7.206,-0.056,-1.545,7.039
250072150000,-7.19,-0.056,-1.55,7.538
250138793000,-7.174,-0.055,-1.555,8.075
250205460000,-7.158,-0.055,-1.56,8.695
250272183000,-7.142,-0.054,-1.564,9.493
250338809000,-7.125,-0.054,-1.571,10.534
250405469000,-7.109,-0.054,-1.575,11.855
250472263000,-7.094,-0.054,-1.581,13.275
250538779000,-7.078,-0.053,-1.584,14.743
250605441000,-7.064,-0.053,-1.589,16.67
250672128000,-7.049,-0.053,-1.593,18.914
250738769000,-7.033,-0.053,-1.598,21.546
250805438000,-7.018,-0.052,-1.6,24.616
250872107000,-7.002,-0.052,-1.605,28.42
250938762000,-6.986,-0.053,-1.609,33.368
251005427000,-6.971,-0.054,-1.612,38.698
251072083000,-6.955,-0.054,-1.615,44.979
251138749000,-6.937,-0.051,-1.616,50.732
251205421000,-6.922,-0.051,-1.618,58.993
251272078000,-6.906,-0.051,-1.62,68.303
251338749000,-6.889,-0.05,-1.623,77.994
251405412000,-6.874,-0.05,-1.624,86.809
251472073000,-6.857,-0.05,-1.625,93.931
251538732000,-6.841,-0.05,-1.628,99.361
251605395000,-6.825,-0.049,-1.631,105.287
251672060000,-6.808,-0.049,-1.633,111.48
251738723000,-6.793,-0.05,-1.636,116.335
251805454000,-6.776,-0.05,-1.639,122.151
251872121000,-6.759,-0.049,-1.641,127.2
251938714000,-6.741,-0.049,-1.644,132.494
252005420000,-6.723,-0.048,-1.647,137.205
252072062000,-6.703,-0.048,-1.65,141.114
252138727000,-6.683,-0.047,-1.654,144.219
252205379000,-6.663,-0.047,-1.657,146.79
252272048000,-6.642,-0.046,-1.66,149.359
252338714000,-6.62,-0.046,-1.664,151.257
252405370000,-6.597,-0.046,-1.667,153.395
252472053000,-6.574,-0.046,-1.672,154.866
252538700000,-6.551,-0.044,-1.676,156.735
252605364000,-6.529,-0.043,-1.681,158.245
252672042000,-6.506,-0.043,-1.686,160.055
252738694000,-6.481,-0.042,-1.691,161.425
252805357000,-6.457,-0.041,-1.696,162.92
252872032000,-6.432,-0.041,-1.702,164.307
252938671000,-6.406,-0.04,-1.709,165.742
253005343000,-6.38,-0.04,-1.716,166.893
253072026000,-6.353,-0.039,-1.724,168.012
253138671000,-6.327,-0.038,-1.73,169.05
253205334000,-6.3,-0.037,-1.738,169.782
253272028000,-6.274,-0.036,-1.746,170.604
253338655000,-6.249,-0.036,-1.755,171.051
253405317000,-6.222,-0.036,-1.763,171.697
253471978000,-6.195,-0.036,-1.772,172.104
253538715000,-6.168,-0.035,-1.781,172.584
253605316000,-6.141,-0.034,-1.791,172.943
253671983000,-6.114,-0.034,-1.799,173.548
253738634000,-6.089,-0.032,-1.807,173.981
253805308000,-6.063,-0.033,-1.816,174.348
253871981000,-6.038,-0.032,-1.824,174.706
253938625000,-6.012,-0.032,-1.832,174.836
254005281000,-5.987,-0.032,-1.841,174.804
254071945000,-5.961,-0.032,-1.85,174.82
254138610000,-5.935,-0.032,-1.857,174.618
254205277000,-5.909,-0.03,-1.863,174.676
254271947000,-5.883,-0.029,-1.869,174.743
254338608000,-5.856,-0.028,-1.874,174.939
254405271000,-5.83,-0.027,-1.878,175.009
254471938000,-5.803,-0.027,-1.884,174.952
254538599000,-5.776,-0.026,-1.89,174.959
254605273000,-5.75,-0.025,-1.894,174.815
254671930000,-5.724,-0.024,-1.898,174.629
254738585000,-5.699,-0.024,-1.9,174.357
254805265000,-5.673,-0.023,-1.902,174.258
254871916000,-5.648,-0.022,-1.903,173.981
254938607000,-5.623,-0.021,-1.903,173.762
255005268000,-5.599,-0.021,-1.903,173.512
255071922000,-5.575,-0.02,-1.903,173.252
255138571000,-5.55,-0.019,-1.903,172.657
255205244000,-5.524,-0.018,-1.902,171.927
255271908000,-5.499,-0.017,-1.901,170.989
255338562000,-5.475,-0.018,-1.898,169.754
255405238000,-5.451,-0.017,-1.895,168.686
255471892000,-5.427,-0.017,-1.893,166.63
255538572000,-5.404,-0.017,-1.89,163.93
255605222000,-5.379,-0.017,-1.887,160.763
255671885000,-5.355,-0.016,-1.882,155.753
255738564000,-5.239,0.048,-1.746,123.493
255805223000,-5.215,0.048,-1.741,72.204
255871881000,-5.191,0.048,-1.736,36.492
255938585000,-5.166,0.048,-1.73,23.123
256005226000,-5.142,0.049,-1.724,16.225
256071883000,-5.12,0.049,-1.717,12.187
256138557000,-5.098,0.048,-1.711,10.293
256205206000,-5.075,0.048,-1.705,8.9
256271857000,-5.051,0.057,-1.702,4.45
256338528000,-5.029,0.057,-1.694,4.176
256405241000,-5.007,0.057,-1.687,3.678
256471877000,-4.984,0.057,-1.68,3.546
256538515000,-4.959,0.057,-1.673,3.414
256605169000,-4.934,0.057,-1.667,3.28
256671838000,-4.909,0.058,-1.66,3.326
256738520000,-4.893,0.041,-1.629,3.89
256805195000,-4.868,0.041,-1.624,3.839
256871837000,-4.843,0.04,-1.619,3.83
256938500000,-4.817,0.042,-1.613,3.786
257005156000,-4.791,0.041,-1.608,3.896
257071815000,-4.764,0.041,-1.603,3.726
257138481000,-4.736,0.042,-1.599,3.456
257205152000,-4.682,0.077,-1.605,359.668
257271810000,-4.655,0.077,-1.602,359.768
257338515000,-4.627,0.078,-1.598,359.788
257405133000,-4.599,0.078,-1.596,0.189
257471800000,-4.572,0.078,-1.593,0.218
257538468000,-4.544,0.077,-1.589,0.438
257605129000,-4.515,0.077,-1.586,0.201
257671795000,-4.487,0.077,-1.583,359.966
257738460000,-4.474,0.067,-1.585,3.882
257805118000,-4.444,0.067,-1.583,4.25
257871793000,-4.415,0.067,-1.581,4.708
257938451000,-4.389,0.067,-1.578,4.891
258005115000,-4.36,0.066,-1.577,4.974
258071766000,-4.333,0.066,-1.575,5.086
258138426000,-4.306,0.066,-1.573,5.424
258205096000,-4.273,0.074,-1.598,5.807
258271763000,-4.246,0.073,-1.596,6.124
258338419000,-4.218,0.073,-1.595,6.423
258405078000,-4.19,0.073,-1.594,6.522
258471743000,-4.162,0.073,-1.592,6.778
258538410000,-4.134,0.073,-1.591,7.242
258605076000,-4.107,0.073,-1.59,7.505
258671740000,-4.061,0.042,-1.543,11.219
258738410000,-4.034,0.042,-1.543,11.689
258805069000,-4.006,0.041,-1.541,12.291
258871750000,-3.979,0.042,-1.541,12.618
258938439000,-3.952,0.041,-1.541,13.079
259005100000,-3.924,0.041,-1.54,13.697
259071760000,-3.917,0.056,-1.564,9.946
259138430000,-3.889,0.055,-1.565,10.423
259205098000,-3.859,0.055,-1.564,11.347
259271756000,-3.828,0.055,-1.564,11.989
259338408000,-3.797,0.055,-1.564,12.61
259405071000,-3.765,0.055,-1.563,13.117
259471750000,-3.733,0.055,-1.564,13.962
259538412000,-3.69,0.051,-1.561,13.831
259605085000,-3.656,0.051,-1.561,14.559
259671747000,-3.622,0.05,-1.561,15.104
259738408000,-3.589,0.049,-1.562,16.395
259805076000,-3.557,0.049,-1.561,17.558
259871737000,-3.524,0.048,-1.561,18.762
259938399000,-3.487,0.077,-1.579,19.932
260005078000,-3.453,0.077,-1.578,21.071
260071740000,-3.421,0.076,-1.577,21.984
260138377000,-3.388,0.076,-1.578,22.924
260205054000,-3.356,0.076,-1.578,23.885
260271742000,-3.324,0.075,-1.578,25.673
260338387000,-3.29,0.076,-1.579,27.408
260405035000,-3.248,0.061,-1.576,38.521
260471700000,-3.215,0.061,-1.577,40.976
260538357000,-3.182,0.061,-1.577,42.455
260605026000,-3.15,0.061,-1.578,45.98
260671683000,-3.117,0.061,-1.58,49.432
260738345000,-3.084,0.06,-1.581,52.098
260805018000,-3.065,0.056,-1.589,42.299
260938358000,-3.002,0.054,-1.59,46.106
261005029000,-2.971,0.054,-1.59,47.974
261071677000,-2.938,0.054,-1.592,50.653
261138340000,-2.907,0.054,-1.594,53.494
261205010000,-2.876,0.053,-1.595,57.419
261271668000,-2.834,0.055,-1.58,81.435
261338334000,-2.803,0.054,-1.582,88.642
261404996000,-2.77,0.054,-1.585,97.616
261471665000,-2.737,0.053,-1.588,107.395
261538324000,-2.704,0.053,-1.591,117.023
261604986000,-2.67,0.053,-1.593,127.056
261671637000,-2.637,0.052,-1.596,132.008
261738315000,-2.615,0.052,-1.608,134.601
261804979000,-2.581,0.052,-1.612,139.207
261871677000,-2.547,0.052,-1.615,144.04
261938304000,-2.513,0.052,-1.618,147.654
262004975000,-2.484,0.05,-1.622,150.218
262071640000,-2.451,0.05,-1.625,153.771
262138303000,-2.42,0.04,-1.64,152.076
262204996000,-2.388,0.04,-1.644,154.09
262271628000,-2.355,0.04,-1.648,154.682
262338293000,-2.321,0.04,-1.653,155.518
262404955000,-2.288,0.039,-1.656,156.251
262471609000,-2.255,0.039,-1.66,157.427
262538279000,-2.222,0.039,-1.664,158.982
262604926000,-2.18,0.044,-1.663,164.525
262671605000,-2.147,0.045,-1.667,164.821
262738253000,-2.113,0.045,-1.669,165.103
262804913000,-2.083,0.045,-1.671,165.199
262871558000,-2.052,0.046,-1.671,164.348
262938238000,-2.021,0.046,-1.671,162.097
263004896000,-1.991,0.046,-1.67,158.173
263071592000,-1.963,0.057,-1.663,147.333
263138247000,-1.935,0.056,-1.659,133.467
263204909000,-1.908,0.056,-1.653,97.864
263271576000,-1.881,0.055,-1.646,52.151
263338251000,-1.853,0.055,-1.639,29.452
263404913000,-1.826,0.055,-1.631,19.536
263471551000,-1.799,0.054,-1.623,15.204
263538219000,-1.77,0.054,-1.616,12.53
263604894000,-1.758,0.038,-1.62,10.227
263671546000,-1.727,0.038,-1.614,9.035
263738211000,-1.694,0.039,-1.608,8.496
263804864000,-1.66,0.04,-1.6,8.087
263871526000,-1.627,0.041,-1.594,7.692
263938226000,-1.593,0.041,-1.589,7.706
264004858000,-1.559,0.042,-1.583,7.563
264071551000,-1.506,0.055,-1.559,6.125
264138190000,-1.471,0.055,-1.555,6.568
264204875000,-1.436,0.056,-1.551,6.605
264271530000,-1.402,0.057,-1.546,6.141
264338180000,-1.367,0.058,-1.542,5.894
264404850000,-1.33,0.058,-1.538,5.664
264471499000,-1.296,0.059,-1.534,5.806
264538167000,-1.261,0.059,-1.531,5.763
264604835000,-1.21,0.061,-1.511,7.045
264671495000,-1.176,0.062,-1.509,6.996
264738192000,-1.142,0.062,-1.507,7.157
264804852000,-1.108,0.063,-1.504,6.915
264871496000,-1.075,0.063,-1.501,6.865
264938173000,-1.042,0.063,-1.499,6.822
265004819000,-1.009,0.063,-1.498,6.618
265071499000,-0.977,0.063,-1.498,7.339
265138161000,-0.982,0.051,-1.485,11.163
265204814000,-0.952,0.051,-1.486,12.159
265271540000,-0.922,0.051,-1.487,12.864
265338155000,-0.891,0.052,-1.488,13.979
265404824000,-0.86,0.052,-1.491,16.336
265471523000,-0.829,0.052,-1.494,18.731
265538187000,-0.799,0.052,-1.498,23.149
265604806000,-0.769,0.053,-1.502,30.1
265671465000,-0.712,0.048,-1.526,27.157
265738140000,-0.682,0.048,-1.532,48.996
265804798000,-0.652,0.049,-1.54,110.843
265871531000,-0.622,0.05,-1.549,152.2
265938135000,-0.593,0.05,-1.56,165.016
266004881000,-0.565,0.051,-1.573,170.395
266071450000,-0.539,0.052,-1.589,173.539
266138204000,-0.513,0.052,-1.607,175.254
266204819000,-0.484,0.065,-1.603,175.108
266271466000,-0.462,0.066,-1.625,176.029
266338145000,-0.44,0.067,-1.649,176.642
266404767000,-0.42,0.067,-1.674,177.123
266471511000,-0.4,0.069,-1.7,177.566
266538167000,-0.382,0.07,-1.727,177.877
266604772000,-0.364,0.071,-1.754,178.221
266671461000,-0.346,0.072,-1.781,178.524
266738103000,-0.328,0.073,-1.81,178.676
266804749000,-0.312,0.074,-1.839,178.77
266871414000,-0.295,0.075,-1.866,178.843
266938078000,-0.28,0.076,-1.894,178.908
267004745000,-0.265,0.076,-1.923,178.954
267071403000,-0.252,0.076,-1.951,179.003
267138140000,-0.239,0.076,-1.98,179.039
267204773000,-0.227,0.077,-2.009,179.105
267271435000,-0.203,0.097,-2.068,178.525
267338068000,-0.192,0.097,-2.097,178.594
267404742000,-0.183,0.098,-2.126,178.653
267471620000,-0.174,0.098,-2.156,178.694
267538069000,-0.167,0.098,-2.186,178.72
267604718000,-0.161,0.098,-2.217,178.73
267671408000,-0.154,0.099,-2.249,178.755
267738078000,-0.149,0.099,-2.28,178.819
267804760000,-0.126,0.096,-2.311,178.982
267871404000,-0.124,0.096,-2.344,178.99
267938066000,-0.123,0.097,-2.375,178.971
268004737000,-0.123,0.097,-2.407,178.973
268071376000,-0.124,0.098,-2.439,178.946
268138040000,-0.125,0.098,-2.471,178.935
268204707000,-0.129,0.099,-2.502,178.901
268271373000,-0.132,0.1,-2.534,178.904
268338061000,-0.15,0.096,-2.565,179.064
268404700000,-0.154,0.097,-2.596,179.041
268471362000,-0.158,0.098,-2.628,179.028
268538021000,-0.162,0.098,-2.66,179.005
268604699000,-0.166,0.098,-2.692,178.94
268671347000,-0.169,0.098,-2.725,178.898
268738088000,-0.171,0.099,-2.757,178.88
268804708000,-0.174,0.099,-2.79,178.876
268871364000,-0.176,0.099,-2.823,178.854
268938017000,-0.178,0.099,-2.857,178.856
269004675000,-0.178,0.099,-2.891,178.914
269071368000,-0.179,0.1,-2.925,179.003
269138009000,-0.179,0.1,-2.96,178.989
269204675000,-0.18,0.1,-2.994,178.994
269271338000,-0.179,0.1,-3.029,178.989
269338002000,-0.179,0.1,-3.064,178.98
269404672000,-0.179,0.101,-3.099,178.978
269471335000,-0.177,0.101,-3.133,178.974
269538002000,-0.176,0.101,-3.168,178.96
269604675000,-0.176,0.1,-3.202,178.944
269671339000,-0.174,0.1,-3.236,178.988
269737994000,-0.173,0.1,-3.269,178.957
269804653000,-0.171,0.1,-3.303,178.974
269871323000,-0.169,0.1,-3.336,178.986
269937980000,-0.166,0.1,-3.37,178.999
270004649000,-0.165,0.099,-3.403,179.019
270071342000,-0.162,0.099,-3.437,179.045
270137978000,-0.16,0.099,-3.47,179.047
270204659000,-0.158,0.099,-3.505,179.081
270271325000,-0.155,0.098,-3.537,179.132
270337994000,-0.152,0.098,-3.571,179.189
270404627000,-0.15,0.098,-3.604,179.223
270471290000,-0.147,0.099,-3.637,179.251
270537953000,-0.144,0.099,-3.671,179.265
270604629000,-0.141,0.098,-3.704,179.316
270671276000,-0.137,0.098,-3.737,179.341
270737945000,-0.133,0.098,-3.769,179.403
270804642000,-0.13,0.098,-3.801,179.481
270871258000,-0.126,0.098,-3.833,179.475
270937934000,-0.122,0.098,-3.865,179.497
271004586000,-0.118,0.098,-3.897,179.447
271071253000,-0.113,0.098,-3.928,179.442
271137921000,-0.108,0.098,-3.959,179.443
271204579000,-0.104,0.097,-3.99,179.454
271271300000,-0.099,0.096,-4.022,179.439
271337948000,-0.094,0.096,-4.053,179.438
271404620000,-0.088,0.096,-4.084,179.413
271471260000,-0.083,0.095,-4.115,179.419
271537904000,-0.078,0.095,-4.147,179.385
271604569000,-0.073,0.094,-4.179,179.401
271671225000,-0.068,0.094,-4.212,179.39
271737896000,-0.063,0.094,-4.244,179.39
271804556000,-0.057,0.094,-4.276,179.414
271871216000,-0.052,0.093,-4.308,179.424
271937897000,-0.046,0.093,-4.339,179.443
272004597000,-0.04,0.093,-4.37,179.449
272071203000,-0.033,0.094,-4.4,179.473
272137897000,-0.024,0.094,-4.428,179.503
272204532000,-0.013,0.094,-4.455,179.515
272271195000,-0.001,0.093,-4.479,179.539
272337856000,0.012,0.093,-4.501,179.565
272404518000,0.028,0.093,-4.52,179.599
272471189000,0.045,0.093,-4.537,179.615
272537846000,0.064,0.092,-4.552,179.595
272604554000,0.085,0.092,-4.563,179.615
272671185000,0.108,0.091,-4.572,179.64
272737844000,0.133,0.091,-4.577,179.669
272804525000,0.158,0.09,-4.58,179.676
272871193000,0.183,0.089,-4.58,179.696
272937854000,0.209,0.089,-4.577,179.694
273004492000,0.235,0.088,-4.571,179.708
273071162000,0.26,0.088,-4.563,179.683
273137839000,0.286,0.087,-4.553,179.68
273204484000,0.311,0.086,-4.542,179.655
273271156000,0.335,0.085,-4.529,179.653
273337851000,0.357,0.084,-4.514,179.613
273404515000,0.379,0.084,-4.497,179.517
273471179000,0.399,0.083,-4.479,179.431
273537864000,0.418,0.083,-4.461,179.259
273604503000,0.435,0.082,-4.441,179.035
273671129000,0.452,0.082,-4.421,178.83
273804486000,0.483,0.08,-4.377,177.671
273871135000,0.497,0.08,-4.351,175.915
273937797000,0.509,0.081,-4.326,169.691
274004460000,0.519,0.081,-4.3,26.232
274071135000,0.529,0.08,-4.274,6.3
274137784000,0.539,0.08,-4.245,3.85
274204434000,0.546,0.08,-4.216,2.82
274271101000,0.552,0.08,-4.186,2.28
274337768000,0.557,0.08,-4.155,1.903
274404434000,0.558,0.08,-4.125,1.597
274471098000,0.557,0.08,-4.096,1.507
274537763000,0.554,0.08,-4.067,1.35
274604423000,0.55,0.08,-4.038,1.307
274671090000,0.545,0.079,-4.01,1.152
274737743000,0.538,0.079,-3.983,1.117
274804421000,0.529,0.079,-3.954,1.034
274871068000,0.52,0.078,-3.925,1.019
274937735000,0.508,0.078,-3.901,1.017
275004409000,0.495,0.077,-3.876,1.061
275071072000,0.481,0.077,-3.851,1.1
275137724000,0.465,0.076,-3.826,1.158
275204395000,0.448,0.076,-3.803,1.157
275271055000,0.429,0.075,-3.781,1.188
275337718000,0.408,0.074,-3.762,1.227
275404384000,0.385,0.074,-3.743,1.229
275471049000,0.363,0.073,-3.729,1.207
275537711000,0.339,0.072,-3.713,1.194
275604414000,0.316,0.071,-3.699,1.194
275671112000,0.289,0.069,-3.701,1.14
275737737000,0.264,0.068,-3.688,1.142
275804416000,0.24,0.067,-3.676,1.105
275871074000,0.218,0.066,-3.666,1.063
275937720000,0.197,0.065,-3.656,1.053
276004391000,0.176,0.064,-3.647,1.048
276071061000,0.154,0.064,-3.636,1.072
276137704000,0.133,0.063,-3.623,1.073
276204379000,0.113,0.062,-3.609,1.061
276271070000,0.097,0.062,-3.595,1.045
276337705000,0.08,0.061,-3.58,1.055
276404377000,0.062,0.06,-3.562,1.048
276471031000,0.045,0.06,-3.543,1.034
276537680000,0.027,0.06,-3.523,0.949
276604356000,0.009,0.06,-3.504,0.904
276671008000,-0.009,0.059,-3.482,0.851
276737684000,-0.031,0.059,-3.458,0.783
276804379000,-0.05,0.059,-3.436,0.791
276871047000,-0.069,0.058,-3.413,0.761
276937696000,-0.089,0.058,-3.389,0.715
277004361000,-0.11,0.057,-3.364,0.684
277071015000,-0.131,0.057,-3.34,0.607
277137688000,-0.152,0.057,-3.316,0.562
277204328000,-0.135,0.076,-3.305,359.63
277270996000,-0.156,0.075,-3.28,359.599
277337671000,-0.176,0.075,-3.254,359.593
277404325000,-0.197,0.074,-3.227,359.623
277470985000,-0.225,0.073,-3.196,359.637
277537646000,-0.247,0.072,-3.169,359.61
277604312000,-0.27,0.071,-3.139,359.571
277670972000,-0.292,0.071,-3.11,359.589
277737636000,-0.312,0.071,-3.081,359.581
277804304000,-0.332,0.07,-3.052,359.572
277870962000,-0.349,0.07,-3.024,359.515
277937624000,-0.365,0.07,-2.997,359.494
278004284000,-0.382,0.07,-2.969,359.475
278070969000,-0.4,0.069,-2.938,359.493
278137661000,-0.418,0.069,-2.907,359.474
278204281000,-0.434,0.069,-2.878,359.46
278271024000,-0.448,0.069,-2.848,359.426
278337683000,-0.462,0.069,-2.818,359.391
278404342000,-0.473,0.068,-2.787,359.367
278470992000,-0.483,0.068,-2.757,359.334
278537601000,-0.493,0.068,-2.724,359.291
278604284000,-0.5,0.068,-2.693,359.269
278670937000,-0.505,0.068,-2.661,359.256
278737581000,-0.511,0.068,-2.629,359.249
278804252000,-0.513,0.068,-2.597,359.261
278870910000,-0.513,0.068,-2.566,359.275
278937609000,-0.512,0.068,-2.535,359.311
279004244000,-0.51,0.067,-2.504,359.335
279070891000,-0.506,0.067,-2.475,359.387
279137564000,-0.503,0.067,-2.443,359.421
279204226000,-0.499,0.067,-2.413,359.435
279270887000,-0.496,0.066,-2.382,359.447
279337581000,-0.494,0.066,-2.35,359.494
279404239000,-0.493,0.065,-2.32,359.497
279470893000,-0.491,0.065,-2.289,359.516
279537568000,-0.491,0.064,-2.256,359.511
279604286000,-0.49,0.064,-2.225,359.529
279670863000,-0.491,0.063,-2.192,359.542
279737546000,-0.492,0.062,-2.158,359.571
279804220000,-0.493,0.062,-2.124,359.577
279870868000,-0.493,0.061,-2.088,359.588
279937534000,-0.496,0.061,-2.049,359.523
280004204000,-0.497,0.061,-2.015,359.476
280070867000,-0.496,0.06,-1.984,359.489
280137533000,-0.497,0.059,-1.951,359.512
280204201000,-0.497,0.058,-1.918,359.534
280270856000,-0.497,0.058,-1.885,359.578
280337511000,-0.496,0.056,-1.853,359.642
280404211000,-0.495,0.055,-1.822,359.67
280470919000,-0.494,0.055,-1.79,359.719
280537526000,-0.493,0.054,-1.759,359.736
280604174000,-0.49,0.053,-1.727,359.759
280670834000,-0.488,0.052,-1.696,359.744
280737518000,-0.485,0.052,-1.664,359.747
280804180000,-0.481,0.051,-1.632,359.781
280870923000,-0.476,0.05,-1.601,359.805
280937586000,-0.513,0.042,-1.558,0.308
281004168000,-0.505,0.042,-1.527,0.353
281070830000,-0.496,0.041,-1.497,0.379
281137505000,-0.486,0.04,-1.466,0.436
281204157000,-0.475,0.04,-1.437,0.52
281270818000,-0.464,0.039,-1.409,0.583
281337492000,-0.452,0.038,-1.381,0.615
281404142000,-0.439,0.038,-1.352,0.656
281470809000,-0.404,0.036,-1.343,0.913
281537475000,-0.391,0.036,-1.315,0.934
281604139000,-0.376,0.036,-1.287,0.952
281670794000,-0.361,0.036,-1.26,0.959
281737458000,-0.346,0.035,-1.232,0.969
281804145000,-0.329,0.035,-1.205,0.975
281870794000,-0.312,0.035,-1.179,0.987
281937445000,-0.294,0.034,-1.153,0.983
282004115000,-0.25,0.028,-1.147,0.874
282070780000,-0.231,0.028,-1.12,0.892
282137443000,-0.213,0.028,-1.094,0.912
282204112000,-0.194,0.027,-1.067,0.919
282270768000,-0.176,0.026,-1.041,0.911
282337430000,-0.157,0.026,-1.013,0.938
282404102000,-0.139,0.026,-0.986,0.963
282470769000,-0.12,0.026,-0.959,0.946
282537425000,-0.118,0.04,-0.919,1.293
282604087000,-0.099,0.039,-0.89,1.298
282670766000,-0.081,0.039,-0.862,1.294
282737411000,-0.063,0.039,-0.833,1.317
282804071000,-0.045,0.038,-0.804,1.336
282870730000,-0.028,0.038,-0.774,1.321
282937406000,-0.013,0.037,-0.744,1.218
283004072000,0.002,0.036,-0.715,1.182
283070735000,0.019,0.028,-0.685,1.246
283137401000,0.034,0.028,-0.655,1.242
283204061000,0.051,0.028,-0.625,1.252
283270719000,0.065,0.028,-0.594,1.174
283337395000,0.079,0.027,-0.564,1.165
283404044000,0.094,0.027,-0.533,1.085
283470715000,0.108,0.026,-0.502,1.053
283537373000,0.122,0.026,-0.471,1.017
283604052000,0.137,0.026,-0.44,0.955
283670697000,0.174,-0.01,-0.436,0.357
283737367000,0.188,-0.01,-0.406,0.423
283804073000,0.201,-0.01,-0.376,0.434
283870699000,0.214,-0.01,-0.346,0.525
283937357000,0.225,-0.011,-0.317,0.545
284004049000,0.235,-0.01,-0.287,0.553
284070691000,0.245,-0.011,-0.258,0.606
284137346000,0.237,0.039,-0.197,0.758
284204024000,0.245,0.038,-0.17,0.776
284270683000,0.253,0.037,-0.141,0.714
284337344000,0.26,0.036,-0.113,0.652
284404012000,0.267,0.035,-0.085,0.653
284470712000,0.273,0.034,-0.058,0.695
284537379000,0.279,0.033,-0.029,0.694
284604044000,0.285,0.031,-0.001,0.723
284670707000,0.291,0.03,0.026,0.743
284737373000,0.297,0.029,0.055,0.746
284804067000,0.302,0.028,0.084,0.747
284870699000,0.308,0.027,0.114,0.714
284937359000,0.314,0.026,0.144,0.693
285004033000,0.32,0.024,0.174,0.648
285070689000,0.326,0.024,0.205,0.635
285137353000,0.332,0.023,0.237,0.609
285204043000,0.338,0.023,0.269,0.524
285270679000,0.344,0.022,0.301,0.514
285337346000,0.351,0.021,0.333,0.505
285403999000,0.358,0.02,0.366,0.462
285470659000,0.366,0.019,0.398,0.434
285537332000,0.374,0.018,0.431,0.42
285603993000,0.383,0.018,0.464,0.389
285670680000,0.392,0.017,0.497,0.356
285737321000,0.403,0.016,0.528,0.364
285804053000,0.413,0.014,0.559,0.361
285870666000,0.425,0.014,0.589,0.367
285937330000,0.438,0.013,0.62,0.391
286003997000,0.453,0.012,0.649,0.415
286070638000,0.468,0.012,0.677,0.401
286137324000,0.484,0.011,0.705,0.385
286203981000,0.501,0.01,0.732,0.386
286270648000,0.519,0.01,0.758,0.44
286337313000,0.538,0.009,0.784,0.465
286403971000,0.556,0.008,0.81,0.495
286470709000,0.574,0.008,0.837,0.498
286537290000,0.592,0.007,0.865,0.462
286603950000,0.607,0.007,0.892,0.435
286670614000,0.619,0.006,0.92,0.372
286737266000,0.627,0.005,0.946,0.314
286803935000,0.632,0.005,0.972,0.283
286870600000,0.633,0.004,0.997,0.23
286937267000,0.631,0.003,1.021,0.209
287003933000,0.625,0.002,1.044,0.137
287070599000,0.616,0.001,1.065,0.094
287137256000,0.604,0.001,1.086,0.049
287203917000,0.59,0,1.105,0.003
287270584000,0.573,0,1.122,359.94
287337243000,0.555,-0.001,1.138,359.891
287403904000,0.535,-0.002,1.153,359.841
287470563000,0.512,-0.002,1.166,359.771
287537233000,0.489,-0.002,1.177,359.697
287603901000,0.465,-0.003,1.186,359.636
287670570000,0.44,-0.004,1.194,359.576
287737225000,0.412,-0.004,1.198,359.527
287803892000,0.385,-0.005,1.203,359.446
287870554000,0.358,-0.006,1.207,359.354
287937218000,0.331,-0.006,1.206,359.315
288003886000,0.305,-0.006,1.204,359.248
288070539000,0.278,-0.006,1.201,359.172
288137207000,0.251,-0.006,1.196,359.084
288203874000,0.224,-0.006,1.19,358.997
288270531000,0.198,-0.006,1.183,358.916
288337196000,0.173,-0.007,1.176,358.821
288403864000,0.148,-0.007,1.166,358.714
288470527000,0.124,-0.007,1.155,358.675
288537191000,0.1,-0.007,1.143,358.571
288603850000,0.077,-0.007,1.13,358.459
288670511000,0.056,-0.007,1.115,358.317
288737186000,0.035,-0.007,1.099,358.21
288803936000,0.015,-0.007,1.081,357.943
288870530000,-0.003,-0.006,1.063,357.718
288937190000,-0.021,-0.006,1.044,357.338
289003865000,-0.037,-0.005,1.023,356.816
289070524000,-0.053,-0.004,1.001,356.074
289137186000,-0.069,-0.004,0.98,354.8
289203839000,-0.083,-0.003,0.957,350.949
289270524000,-0.096,-0.003,0.932,292.682
289337177000,-0.107,-0.004,0.909,190.371
289403839000,-0.116,-0.003,0.885,184.653
289470476000,-0.124,-0.003,0.861,182.902
289537139000,-0.13,-0.004,0.836,181.854
289603804000,-0.135,-0.004,0.811,181.387
289670468000,-0.139,-0.005,0.786,180.878
289737152000,-0.141,-0.006,0.761,180.602
289803816000,-0.141,-0.006,0.736,180.407
289870473000,-0.141,-0.006,0.709,180.37
289937138000,-0.14,-0.006,0.683,180.3
290003815000,-0.137,-0.007,0.658,180.204
290070465000,-0.132,-0.006,0.631,180.134
290137144000,-0.126,-0.006,0.606,180.043
290203795000,-0.118,-0.006,0.58,179.946
290270452000,-0.109,-0.007,0.555,179.881
290337108000,-0.099,-0.007,0.53,179.823
290403768000,-0.087,-0.007,0.506,179.73
290470444000,-0.074,-0.007,0.483,179.659
290537084000,-0.06,-0.008,0.461,179.636
290603745000,-0.045,-0.008,0.439,179.632
290670416000,-0.028,-0.008,0.419,179.609
290737088000,-0.01,-0.008,0.4,179.617
290803787000,0.007,-0.008,0.382,179.603
290870405000,0.035,-0.023,0.375,179.497
290937074000,0.056,-0.024,0.359,179.48
291003736000,0.078,-0.024,0.344,179.495
291070420000,0.098,-0.025,0.331,179.445
291137085000,0.12,-0.026,0.318,179.395
291203746000,0.14,-0.027,0.305,179.382
291270401000,0.159,-0.028,0.291,179.347
291337085000,0.169,-0.036,0.279,178.918
291403736000,0.184,-0.036,0.259,178.92
291470392000,0.196,-0.036,0.236,178.92
291537051000,0.206,-0.036,0.209,178.893
291603715000,0.214,-0.036,0.181,178.826
291670375000,0.22,-0.036,0.151,178.774
291737044000,0.226,-0.035,0.119,178.781
291803709000,0.23,-0.035,0.087,178.778
291870372000,0.214,-0.034,0.041,178.828
291937025000,0.215,-0.033,0.007,178.856
292003688000,0.216,-0.032,-0.027,178.894
292070362000,0.216,-0.031,-0.062,178.938
292137042000,0.214,-0.03,-0.097,178.924
292203711000,0.212,-0.03,-0.131,178.879
292270376000,0.21,-0.029,-0.166,178.863
292337034000,0.207,-0.029,-0.2,178.85
292403691000,0.196,-0.027,-0.219,179.274
292470351000,0.192,-0.027,-0.253,179.304
292537040000,0.188,-0.026,-0.287,179.39
292603692000,0.184,-0.025,-0.321,179.417
292670364000,0.181,-0.024,-0.355,179.472
292737021000,0.179,-0.023,-0.388,179.467
292803668000,0.177,-0.023,-0.421,179.481
292870335000,0.177,-0.022,-0.454,179.477
292936998000,0.188,-0.019,-0.497,179.063
293003660000,0.189,-0.019,-0.529,179.065
293070322000,0.19,-0.019,-0.561,179.041
293136997000,0.191,-0.019,-0.594,179.057
293203720000,0.192,-0.019,-0.625,179.05
293270331000,0.193,-0.018,-0.658,178.996
293336996000,0.195,-0.018,-0.69,178.946
293403657000,0.197,-0.017,-0.723,178.988
293470316000,0.188,-0.013,-0.773,178.742
293536991000,0.19,-0.013,-0.804,178.747
293603658000,0.193,-0.013,-0.836,178.797
293670315000,0.195,-0.013,-0.867,178.753
293736971000,0.198,-0.013,-0.899,178.777
293803624000,0.202,-0.013,-0.93,178.8
293870280000,0.204,-0.013,-0.962,178.771
293936968000,0.209,-0.021,-0.986,178.779
294003613000,0.21,-0.021,-1.017,178.763
294070323000,0.211,-0.021,-1.049,178.757
294137020000,0.211,-0.02,-1.081,178.733
294203676000,0.21,-0.02,-1.112,178.764
294270283000,0.208,-0.02,-1.143,178.768
294336952000,0.203,-0.019,-1.175,178.774
294403621000,0.197,-0.018,-1.206,178.828
294470262000,0.221,-0.029,-1.241,178.911
294536928000,0.212,-0.028,-1.272,178.959
294603615000,0.201,-0.026,-1.301,178.961
294670262000,0.189,-0.025,-1.331,178.971
294736922000,0.176,-0.024,-1.36,178.979
294803570000,0.162,-0.023,-1.389,178.973
294870235000,0.148,-0.022,-1.417,179.027
294936922000,0.132,-0.021,-1.445,179.062
295003588000,0.076,-0.019,-1.459,179.052
295070322000,0.058,-0.018,-1.487,179.128
295136985000,0.039,-0.017,-1.513,179.163
295203656000,0.019,-0.016,-1.539,179.243
295270240000,0,-0.016,-1.563,179.283
295336918000,-0.022,-0.015,-1.587,179.283
295403838000,-0.044,-0.014,-1.61,179.286
295470249000,-0.067,-0.014,-1.633,179.315
295536894000,-0.068,0.008,-1.664,179.29
295603572000,-0.091,0.009,-1.686,179.303
295670311000,-0.115,0.01,-1.708,179.324
295736922000,-0.138,0.01,-1.73,179.359
295803627000,-0.161,0.011,-1.752,179.391
295870259000,-0.184,0.011,-1.775,179.384
295936885000,-0.205,0.011,-1.798,179.393
296003585000,-0.227,0.011,-1.821,179.353
296070204000,-0.258,-0.006,-1.86,179.587
296136894000,-0.279,-0.006,-1.884,179.574
296203574000,-0.301,-0.005,-1.908,179.613
296270197000,-0.324,-0.005,-1.933,179.654
296336899000,-0.346,-0.004,-1.958,179.689
296403528000,-0.368,-0.003,-1.984,179.68
296470214000,-0.39,-0.003,-2.01,179.682
296536857000,-0.412,-0.002,-2.036,179.708
296603533000,-0.434,-0.001,-2.062,179.695
296670192000,-0.456,-0.001,-2.088,179.665
296736918000,-0.478,0,-2.115,179.682
296803594000,-0.499,0,-2.141,179.68
296870181000,-0.52,0,-2.167,179.673
296936847000,-0.541,0,-2.193,179.668
297003515000,-0.561,0,-2.218,179.687
297070246000,-0.583,0,-2.244,179.71
297136891000,-0.604,0.001,-2.271,179.759
297203568000,-0.624,0.001,-2.297,179.798
297270167000,-0.644,0.001,-2.323,179.838
297336831000,-0.665,0.001,-2.349,179.88
297403492000,-0.685,0.001,-2.375,179.823
297470180000,-0.704,0.001,-2.401,179.834
297536838000,-0.724,0.001,-2.427,179.826
297603550000,-0.743,0.002,-2.453,179.824
297670148000,-0.762,0.002,-2.48,179.829
297736814000,-0.78,0.003,-2.507,179.81
297803480000,-0.797,0.003,-2.533,179.773
297870146000,-0.811,0.003,-2.559,179.757
297936805000,-0.826,0.003,-2.585,179.766
298003496000,-0.838,0.003,-2.611,179.774
298070142000,-0.85,0.004,-2.636,179.805
298136793000,-0.86,0.004,-2.662,179.817
298203469000,-0.868,0.004,-2.687,179.796
298270186000,-0.876,0.004,-2.713,179.78
298336849000,-0.883,0.004,-2.739,179.788
298403517000,-0.888,0.005,-2.765,179.78
298470122000,-0.891,0.005,-2.789,179.791
298536783000,-0.893,0.005,-2.814,179.769
298603447000,-0.893,0.005,-2.839,179.776
298670104000,-0.892,0.005,-2.863,179.749
298736773000,-0.888,0.004,-2.887,179.738
298803438000,-0.884,0.004,-2.91,179.735
298870104000,-0.879,0.004,-2.935,179.715
298936791000,-0.873,0.004,-2.958,179.715
299003446000,-0.866,0.004,-2.982,179.717
299070109000,-0.859,0.004,-3.006,179.679
299136775000,-0.851,0.003,-3.029,179.658
299203443000,-0.842,0.003,-3.052,179.631
299270100000,-0.832,0.003,-3.076,179.62
299336751000,-0.845,0.121,-3.085,179.124
299403421000,-0.834,0.12,-3.107,179.094
299470075000,-0.823,0.119,-3.129,179.069
299536740000,-0.812,0.118,-3.151,179.001
299603406000,-0.799,0.117,-3.173,178.99
299670068000,-0.787,0.117,-3.191,178.964
299736742000,-0.776,0.116,-3.206,178.946
299803400000,-0.766,0.116,-3.217,178.946
299870065000,-0.747,0.105,-3.211,179.196
299936729000,-0.743,0.105,-3.215,179.191
300003408000,-0.741,0.104,-3.216,179.182
300070064000,-0.742,0.105,-3.214,179.184
300136731000,-0.743,0.105,-3.213,179.182
300203387000,-0.744,0.105,-3.212,179.184
300270062000,-0.746,0.105,-3.21,179.179
300336733000,-0.747,0.105,-3.208,179.176
300403394000,-0.789,0.086,-3.231,179.238
300470042000,-0.789,0.086,-3.23,179.247
300536723000,-0.79,0.086,-3.229,179.25
300603372000,-0.79,0.086,-3.228,179.251
300670029000,-0.791,0.086,-3.226,179.249
300736714000,-0.791,0.086,-3.226,179.251
300803362000,-0.791,0.086,-3.226,179.249
300870049000,-0.791,0.086,-3.225,179.251
300936699000,-0.763,0.088,-3.213,179.512
301003365000,-0.764,0.088,-3.213,179.51
301070025000,-0.764,0.087,-3.212,179.518
301136692000,-0.764,0.087,-3.212,179.519
301203353000,-0.764,0.087,-3.213,179.518
301270020000,-0.764,0.087,-3.212,179.517
301336681000,-0.764,0.087,-3.212,179.516
301403341000,-0.764,0.087,-3.212,179.516
301470028000,-0.757,0.112,-3.213,179.437
301536652000,-0.757,0.112,-3.213,179.437
301603334000,-0.757,0.112,-3.213,179.437
301669987000,-0.757,0.112,-3.213,179.442
301736678000,-0.757,0.112,-3.213,179.443
301803316000,-0.757,0.112,-3.213,179.443
301869989000,-0.757,0.112,-3.212,179.439
301936653000,-0.77,0.094,-3.225,179.623
302003299000,-0.77,0.094,-3.225,179.622
302070211000,-0.77,0.094,-3.225,179.623
302136644000,-0.77,0.095,-3.225,179.618
302203320000,-0.77,0.095,-3.225,179.617
302269978000,-0.77,0.094,-3.225,179.626
302336625000,-0.77,0.094,-3.225,179.627
302403284000,-0.77,0.094,-3.225,179.625
302469946000,-0.77,0.094,-3.225,179.623
302536620000,-0.718,0.109,-3.193,179.467
302603285000,-0.718,0.109,-3.193,179.464
302669946000,-0.718,0.109,-3.193,179.466
302736600000,-0.718,0.11,-3.193,179.463
302803266000,-0.718,0.11,-3.193,179.462
302869934000,-0.718,0.109,-3.193,179.465
302936600000,-0.718,0.109,-3.193,179.467
303003271000,-0.718,0.109,-3.193,179.464
303069923000,-0.718,0.109,-3.192,179.464
303136598000,-0.73,0.108,-3.212,178.871
303203278000,-0.73,0.108,-3.212,178.871
303269938000,-0.73,0.108,-3.212,178.871
303336587000,-0.73,0.108,-3.212,178.871
303403241000,-0.73,0.108,-3.212,178.87
303469911000,-0.73,0.108,-3.212,178.873
303536564000,-0.73,0.108,-3.212,178.878
303603239000,-0.73,0.108,-3.212,178.875
303669937000,-0.775,0.086,-3.221,179.446
303736555000,-0.775,0.086,-3.221,179.447
303803222000,-0.775,0.086,-3.221,179.448
303869886000,-0.775,0.086,-3.221,179.446
303936541000,-0.775,0.087,-3.221,179.445
304003203000,-0.775,0.087,-3.221,179.445
304069887000,-0.775,0.086,-3.221,179.447
304136541000,-0.767,0.113,-3.217,179.285
304203224000,-0.767,0.113,-3.217,179.284
304269868000,-0.768,0.113,-3.217,179.278
304336518000,-0.767,0.113,-3.217,179.279
304403191000,-0.767,0.113,-3.217,179.279
304469864000,-0.768,0.113,-3.217,179.281
304536525000,-0.768,0.113,-3.217,179.28
304603196000,-0.768,0.113,-3.217,179.279
304669847000,-0.778,0.094,-3.216,179.474
304736526000,-0.778,0.094,-3.216,179.476
304803176000,-0.778,0.094,-3.216,179.476
304869839000,-0.778,0.094,-3.216,179.478
304936511000,-0.778,0.094,-3.216,179.477
305003166000,-0.778,0.094,-3.216,179.48
305069855000,-0.778,0.094,-3.216,179.474
305136516000,-0.778,0.094,-3.216,179.474
305203156000,-0.778,0.094,-3.216,179.474
305269837000,-0.763,0.11,-3.216,179.411
305336479000,-0.763,0.11,-3.216,179.411
305403150000,-0.763,0.11,-3.216,179.413
305469808000,-0.763,0.11,-3.216,179.412
305603136000,-0.763,0.11,-3.216,179.414
305669833000,-0.763,0.11,-3.216,179.415
305736461000,-0.763,0.11,-3.216,179.412
305803121000,-0.766,0.1,-3.221,179.415
305869812000,-0.766,0.1,-3.221,179.414
305936462000,-0.766,0.1,-3.221,179.414